,0,1,2,3,4,5,6,7,8,9,10,11,12,13,14,15,16,17,18,19,20,21,22,23,24,25,26,27,target
0,1.759,1.909,9.676,5.608,81.87,1.781,2.688,2.133,579.7,1.298,6.183,1.285,18.84,1.839,9.997,13.75,2.213,2.744,1.255,17.26,8.312,496.6,1.529,7.238,7.952,12.76,25.99,1.646,1
1,1.428,1.332,842,5.539,128,6.637,1.145,2.256,2477,1.408,5.313,1.321,32.47,4.097,1.078,27.9,7.392,2.713,3.995,109.9,1.625,1223,2.664,7.568,113,19.53,45.41,2.644,0
2,1.875,371,9.905,8.439,133.7,1.265,1.641,4.286,1671,1.278,602,1.892,26.83,3.416,2.536,24.19,9.761,3.271,3.703,103.6,2.152,1234,5.904,7.632,1.669,20.2,33.81,4.674,0
3,122,1.302,7.838,4.369,114.6,4.178,4.445,1.309,1210,9.862,5.243,1.046,13.23,9.976,7.437,19.82,4.834,1.783,1.048,50.95,8.341,992.1,1.153,5.871,6.217,17.85,18.42,8.274,1
4,1.846,1.961,7.497,2.667,107.1,2.307,3.649,17,1084,1.009,5.325,5.679,20.2,292,5.297,19.18,2.473,4.677,2.477,22.95,8.737,857.6,1.423,7.623,7.112,16.69,26.56,1.446,0
5,1.974,1.719,1.041,5.072,87.32,6.158,9.847,3.317,907.2,153,6.782,8.249,20.28,3.724,956,17.38,3.704,3.739,3.664,31.33,1.492,545.2,2.185,1.027,1.436,13.28,28,2.147,0
6,2.197,3.997,1.371,1.546,59.96,2.421,3.332,3.901,326.6,185,7.696,1.13,13.9,2.097,158,10.57,3.538,3.681,9.996,19.63,7.262,257.8,2.197,8.982,1.225,9.295,17.84,254,1
7,1.773,2.598,8.043,4.351,88.54,2.344,4.697,3.087,706,9.368,5.429,1.057,23.77,1.442,1.007,15.01,4.347,2.663,1.359,39.93,6.106,590,3.371,6.321,6.807,13.75,26.34,2.667,1
8,1.349,2.354,6.613,6.854,76.83,2.386,8.777,8.925,507.2,9.457,6.612,1.554,21.54,3.399,1.553,12.79,256,2.305,3.218,20.24,875,432,6.663,9.952,1.064,11.87,28.18,6.063,1
9,1.893,1.936,926,6.356,133.6,1.144,1.784,5.252,1926,1.281,6.232,1.199,28.77,5.329,1.519,25.05,8.426,2.818,4.251,106.4,1.941,1207,3.863,1.005,2.063,19.55,36.27,4.765,0
10,1.807,2.105,1.183,9.538,103.8,852,203,6,909.4,1.732,7.083,1.961,23.95,4.967,2.041,17.11,3.331,3.013,5.911,32.52,2.163,731.3,6.019,1.067,187,15.46,36.33,494,0
11,1.566,3.082,1.006,1.496,70.21,2.583,2.363,4.785,396.5,1.216,6.669,1.805,14.71,824,1.583,11.35,2.073,1.902,3.938,19.08,4.306,372.7,1.453,7.313,5.743,11.08,16.82,2.121,1
12,1.632,1.344,8.511,3.632,84.07,3.261,1.461,2.585,636.9,1.128,5.894,5.735,15.82,1.346,2.386,14.41,1.903,2.651,112,15.5,25,537.3,1.128,8.385,5.251,13.2,20.45,7.861,1
13,233,3.491,9.968,9.845,60.07,4.908,1.975,7.877,297.1,1.221,8.743,1.911,18.9,3.748,2.527,10.06,4.653,3.135,4.609,24.2,1.145,244.5,1.027,1.055,1.972,9.042,23.4,659,1
14,1.467,2.671,8.983,4.352,82.61,2.923,2.562,1.777,545.9,9.701,5.863,2.342,18.42,4.619,1.164,13.3,1.839,1.987,4.833,14.16,5.013,523.8,1.343,6.169,3.766,13.03,22.81,4.899,1
15,1.466,1.065,8.739,8.534,81.29,133,9.193,3.351,570.7,1.162,6.133,9.899,13.06,5.445,7.408,13.63,2.889,1.783,2.758,21.79,399,508.8,618,7.319,3.774,12.81,16.15,6.364,1
16,2.015,2.678,1.225,1.418,76.2,7.404,5.929,3.002,472.4,1.359,5.875,2.293,17.36,8.368,191,12.4,6.412,222,7.153,48.84,8.946,435.6,1.267,6.033,721,11.89,18.99,1.489,1
17,1.967,1.678,1.075,4.097,85.63,311,4.568,2.425,630.5,1.312,6.811,7.477,15.71,2.776,649,14.5,1.852,3.184,189,14.67,7.283,520,1.698,8.183,127,13.08,20.49,1.898,1
18,1.487,1.568,8.759,9.113,72.48,1.899,5.133,2.477,518.1,1.699,6.529,9.861,21.26,2.196,6.435,13.01,2.344,2.829,312,16.41,8.278,396.5,2.443,8.832,6.575,11.34,29.15,1.557,1
19,1.971,1.778,1.115,9.037,117.4,1.054,1.855,4.968,1302,1.418,6.166,1.4,20.74,3.498,1.841,20.47,8.113,2.463,3.583,93.91,1.515,963.7,5.206,7.738,1.665,17.68,25.11,4.954,0
20,1.538,1.145,1.049,6.174,116.1,1.043,2.159,512,1660,1.376,6.365,1.41,24.68,383,1.569,23.14,1.088,216,489,122.3,1.721,984.6,4.644,93,1.603,17.47,32.33,3.634,0
21,1.868,1.996,8.261,721,75.71,1.349,1.972,2.635,527.2,1.144,611,6.329,18.24,8.906,8,13.1,2.273,2.785,9.203,17.47,6.296,437.6,1.311,7.408,4.751,11.94,21.33,838,1
22,2.217,271,9.989,7.595,67.41,1.201,2.995,3.451,402.8,1.219,6.481,1.534,19.29,1.486,8.614,11.54,355,2.826,7.987,23.13,3.203,336.1,288,7.552,8.578,10.49,23.31,2.219,1
23,1.717,2.471,92,9.882,100.2,7.483,1.122,2.142,830.9,1.257,6.097,8.413,22.76,1.997,1.763,16.43,3.129,2.556,2.846,29.44,1.476,728.2,4.531,6.828,1.036,15.37,25.84,2.444,0
24,1.792,1.884,115,6.056,129.5,1.062,2.197,4.787,2053,1.495,6.552,1.161,18.9,4.116,1.733,25.93,1.111,2.968,6.121,133,198,1217,5.638,9.929,1.642,19.53,26.24,3.203,0
25,1.814,1.282,0.1,5.043,132.9,9.333,1.519,1.892,1844,1.522,5.572,1.033,27.06,2.945,8.185,24.33,3.977,3.151,3.788,52.34,1.697,1288,2.117,7.999,1.088,20.31,39.16,1.578,0
26,1.937,2.015,1.029,8.146,78.07,3.326,4.783,1.798,559.5,1.432,6.161,1.652,17.72,1.773,7.513,13.56,2.841,3.049,1.603,22.22,6.266,446.2,1.843,7.081,9.758,12.1,25.8,1.631,1
27,211,1.528,9.516,4.235,88.99,3.711,4.479,1.593,670,1.185,5.853,9.195,15.18,1.724,1.043,14.98,2.479,2.955,1.456,19.41,9.993,587.4,1.457,6.912,7.688,13.85,21.74,1.541,1
28,188,2.662,1.066,6.773,79.08,2.882,2.855,4.143,545.2,1.427,6.471,8.163,13.29,2.585,8.094,13.34,2.005,3.469,9.915,15.24,8.187,455.8,1.018,9.241,9.509,12.19,17.81,2.456,1
29,2.027,1.817,1.137,3.659,95.55,8.123,1.293,4.108,985.5,1.368,6.758,1.15,21.59,429,1.272,17.87,4.226,3.698,3.587,40.09,1.834,656.9,2.572,1.094,1.365,14.71,30.7,2.855,0
30,1.828,3.357,1.243,1.193,54.66,9.259,0.03,3.048,273.9,1.639,6.757,2.067,20.98,1.698,9.259,9.565,3.582,2.972,9.001,18.39,2.778,221.8,0.03,7.712,8.963,8.598,27.04,3.162,1
31,1.305,2.384,9.462,1.835,58.74,2.308,9.263,5.601,270,1.179,7.163,9.789,15.76,1.879,2.308,9.414,3.132,1.652,1.544,16.94,3.846,245.2,9.263,7.722,1.243,8.95,17.07,676,1
32,1.781,274,8.451,653,80.43,3.099,683,4.651,551.3,105,6.249,01.04,19.89,2.158,1.403,13.46,3.642,2.685,1.904,28.32,7.625,471.3,4.712,7.764,1.014,12.46,23.07,3.369,1
33,1.669,2.277,8.877,1.027,65.85,2.438,4.358,589,357.4,1.461,6.714,1.023,16.58,2.246,1.097,10.83,1.144,2.691,1.783,7.326,8.333,320.8,2.613,9.479,8.066,10.26,22.04,3.084,1
34,163,1.445,8.117,5.724,63.19,5.159,247,2.411,376.3,1.126,6.439,1.341,21.28,7.094,3.527,11.11,1.851,2.349,1.235,11.6,2.579,307.3,2.074,8.061,3.912,10.03,28.94,5.697,1
35,186,1.559,1.068,6.176,120.8,9.451,1.569,2.725,1493,1.492,5.941,9.225,20.58,2.536,1.046,21.86,5.449,3.074,3.759,67.36,151,1052,2.913,7.863,1.248,18.31,26.2,1.877,0
36,1.673,1.977,7.734,5.343,77.25,5.051,1.123,9.502,513.1,1.001,5.649,5.996,14.08,5.332,5.051,12.85,2.113,2.293,4.116,15.82,1.852,461.4,1.123,6.037,3.212,12.18,16.47,5.767,1
37,1.985,1.865,1.039,1.582,55.27,0,0,6.736,317,146,7.098,2.079,16.84,131,0,10.17,5.169,2.445,0,28.85,0,234.3,0,8.865,7.428,8.734,22.8,1.966,1
38,1.714,2.005,8.458,7.976,89.78,2.944,3.534,283,750,1.195,5.898,1.046,15.98,1.252,9.046,15.66,3.892,2.725,1.117,32.74,7.453,611.2,1.608,7.234,5.895,14.04,21.58,1.295,1
39,1.701,3.141,7.699,7.339,77.42,0,0,3.136,558.9,9.422,596,3.647,29.97,5.213,0,13.45,4.455,2.409,0,35.13,0,465.4,0,6.743,3.398,12.27,38.05,8.243,1
40,1.648,4.783,1.142,1.345,188.5,1.595,3.201,4.476,2499,1.142,5.525,1.476,18.47,1.516,1.407,28.11,2.873,1.648,3.201,525.6,1.595,2499,6.389,5.525,1.516,28.11,18.47,2.772,0
41,1.713,1.237,9.997,4.714,117.3,8.293,1.698,2.556,1437,1.401,5.916,1.077,28.03,3.762,111,21.53,3.897,2.972,6.399,43.95,197,981.6,3.697,9.075,1.314,17.75,38.54,2.015,0
42,1.657,1.962,0.11,7.327,77.83,2.798,3.781,2.234,549.9,1.521,6.608,504,13.44,1.632,7.986,13.45,2.513,2.781,1.622,18.54,7.393,445.2,1.798,8.052,9.009,12.07,15.77,1.153,1
43,1.722,2.711,9.138,9.172,54.42,0,0,3.399,259.2,1.162,6.724,7.873,14.45,7.057,0,9.262,2.204,2.592,0,11.36,0,227.2,0,7.848,4.276,8.671,17.04,8.007,1
44,1.966,1.792,1.257,5.393,102.5,1.097,2.032,4.168,1102,1.531,7.069,6.583,11.89,3.583,132,18.79,4.209,3.216,583,44.64,1.827,736.9,4.303,101,1.555,15.46,17.04,2.321,0
45,1.496,1.482,8.445,6.032,84.55,2.456,3.554,2.496,708.8,1.276,5.674,8.907,17.02,1.311,9.057,15.14,2.927,2.506,1.786,24.68,9.678,546.4,2.259,7.623,4.994,13.27,23.6,1.104,1
46,1.733,1.467,1.062,8.482,130.7,974,2.417,7.259,1933,171,6.697,0.78,19.82,5.955,1.971,25.28,7.661,2.749,8.489,92.81,2.507,1206,68,1.297,1.849,19.73,25.59,5.057,0
47,1.829,1.065,1.063,8.166,171.5,1.845,3.339,5.893,2562,1.573,6.782,1.474,24.91,6.076,203,30,8.973,2.355,6.476,120,2.867,1878,573,1.051,2.665,25.22,33.62,5.693,0
48,193,1.958,8.772,7.112,79.78,3.745,6.015,4.463,574.7,1.304,6.404,1.502,21.8,2.463,1.293,13.83,2.978,2.972,2.434,20.95,1.205,466.1,2.703,9.261,9.445,12.36,30.5,2.493,1
49,178,135,9.855,508,96.22,3.781,2.602,1.706,793.7,1.216,565,1.217,16.95,1.637,9.073,16.11,2.713,2.404,6.648,24.28,8.485,685.9,7.276,6.428,7.885,14.97,23,137,1
50,1.678,1.592,1.036,7.897,54.53,151,2.565,3.925,275.6,1.641,7.126,6.793,13.1,2.235,732,9.473,1.267,2.983,1.754,7.254,8.512,221.3,1.801,1.049,7.632,8.571,18.45,1.762,1
51,1.925,1.782,9.965,6.953,81.09,3.821,8.005,3.586,677.9,1.426,6.373,1.044,18.6,2.378,1.037,14.97,3.961,3.014,2.671,30.29,1.015,481.9,2.701,875,1.058,12.47,24.64,1.911,1
52,194,4.243,1.054,1.289,71.94,7.583,5.006,1.963,436.1,1.424,6.028,1.966,19.86,9.669,4.967,11.98,2.976,3.292,1.335,19.62,2.022,387.3,3.297,6.522,6.779,11.22,25.78,1.104,1
53,1.582,1.386,9.009,4.444,,7.951,108,1.698,1866,1.193,5.461,7.975,21.31,2.336,137,24.86,7.888,2.551,2.687,96.05,1.789,1130,2.269,6.589,1.029,18.94,26.58,1.652,0
54,1.638,1.884,1.022,5.884,86.6,278,3.974,1.817,699.4,1.339,571,1.373,18.3,1.751,9.366,15.1,295,2.678,1.381,25.22,7.911,555.1,1.872,6.603,8.165,13.45,25.94,1.491,1
55,1.902,2.541,9.783,1.721,58.79,2.872,8.606,2.193,284.4,1.207,898,8.522,14.64,2.436,1.766,9.733,5.262,2.254,1.434,25.44,4.786,244,5.671,1.084,1.531,8.888,15.67,9.368,1
56,1.583,1.713,8.785,6.131,80.88,2.402,236,4.414,566.9,1.314,6.275,6.457,12.17,1.607,8.231,13.65,2.253,2.775,9.385,17.37,8.224,495,9.075,9.464,5.794,12.7,16.92,1.263,1
57,1.967,2.793,9.363,8.872,77.32,3.142,6.636,4.775,531.2,1.405,6.314,1.563,18.35,3.046,1.785,13.25,2.963,3.397,2.806,21.46,1.138,432.2,5.946,8.365,1.154,11.89,27.1,4.192,1
58,2.113,1.591,123,7.159,124.4,1.198,3.189,5.099,1304,1.873,7.115,7.747,21.02,5.917,1.051,20.8,403,3.245,9.034,41.51,1.964,994,6.165,1.198,2.576,17.91,27.78,3.718,0
59,1.769,2.574,86,8.968,51.71,5.917,1.588,2.582,242.2,1.297,6.503,9.567,16.84,1.357,5.917,8.964,1.563,3.105,688,8.205,2.564,201.9,1.588,7.409,5.943,8.196,21.96,1.646,1
60,1.395,1.613,6.251,3.418,82.01,1.852,1.595,9.683,608.8,8.125,5.234,1.142,22.22,3.432,1.852,14,1.731,2.295,7.977,14.34,9.259,526.4,1.595,5.843,1.938,13.01,29.02,2.252,1
61,1.381,1.254,9.594,7.809,68.77,1.698,2.531,212,414,1.436,64,4.064,9.71,1.257,5.344,11.6,1.728,209,1.047,11.48,4.603,357.6,1.099,7.699,5.736,10.8,12.02,9.816,1
62,2.569,2.768,117,5.485,135.9,1.504,2.565,3.345,1938,1.592,667,1.023,21.51,4.492,1.369,25.3,5.702,5.558,5.344,69.06,2.685,1264,319,1.024,1.875,20.34,31.86,2.431,0
63,1.473,1.329,7.944,2.838,88.12,1.329,2.881,1.976,725.9,9.711,558,7.574,17.91,1.824,5.828,15.34,0.25,235,1.564,21.47,6.019,585,178,7.014,6.376,13.74,22.46,1.592,1
64,1.308,2.175,1.006,3.113,114.5,6.597,1.682,1.256,1021,1.243,5.866,1.667,25.56,1.793,3.927,18.07,5.296,1.603,2.803,58.53,1.099,948,1.438,6.818,1.146,17.42,28.07,8.555,0
65,162,149,9.578,6.298,89.77,2.369,3.688,3.599,688.6,1.264,6.688,1.047,20.7,2.037,9.061,15.05,272,2.249,1.377,23.12,6.845,584.8,2.615,8.492,1.018,13.87,24.75,2.172,1
66,2.106,1.939,1.026,596,90.96,5.602,9.901,456,750.1,146,6.916,1.194,16.93,437,1.435,15.75,2.563,363,4.636,22.69,1.654,578.9,3.909,1.059,1.517,13.86,26.93,3.438,0
67,304,2.308,1.186,8.029,116,1.401,2.229,7.444,1461,1.545,7.413,976,16.4,3.949,2.397,22.25,1.046,4.066,3.853,111.4,255,912.7,3.732,1.059,2.276,17.14,21.4,3.799,0
68,162,1.651,8.983,6.153,74.34,335,4.196,2.551,512.5,1.431,6.582,5.391,12.84,1.851,6.884,13.06,2.315,2.772,1.922,15.75,8.449,412.6,1.693,8.756,7.525,11.6,17.16,133,1
69,1.668,1.055,9.883,4.123,98.73,6.142,7.721,3.237,856.9,1.135,6.869,8.423,16.74,2.176,1.004,16.76,372,2.177,1.856,34.84,1.018,689.4,1.996,8.549,1.364,15.04,20.43,1.819,1
70,1.717,2.279,1.044,1.052,60.11,1.504,2.172,4.237,330.7,1.548,6.899,2.011,21.01,1.664,9.333,10.41,2.351,2.878,9.412,14.2,6.517,269.4,1.714,9.211,7.773,9.465,31.56,1.755,1
71,1.852,3.151,832,6.831,96.71,2.739,4.686,175,931.4,1.148,5.294,1.627,29.81,9.866,9.087,17.26,4.681,3.233,1.547,45.38,6.575,719.5,2.489,6.165,4.605,15.13,36.91,1.427,0
72,1.739,1.925,9.847,5.627,115,7.953,9.875,3.742,1227,1.255,6.149,8.225,15.05,2.812,1.354,20.01,6.003,2.756,2.489,61.1,1.456,955.1,3.407,7.919,1.157,17.57,19.52,3.033,0
73,2.521,3.672,1.073,6.789,102.5,9.756,2.077,4.394,980.9,139,7.032,7.096,14.26,5.954,2.252,18.07,4.388,4.667,6.305,44.91,2.393,704.4,6.446,9.946,2.135,15.34,19.08,5.328,0
74,1.989,2.768,101,1.124,128.9,1.021,1.856,624,1313,1.251,5.884,2.836,23.21,2.414,3.441,20.82,6.107,2.576,3.829,70.1,1.825,1174,7.469,7.602,1.318,19.55,30.44,4.097,0
75,2.131,156,1.236,1.288,76.37,4.531,4.515,5.824,487.7,1.768,7.405,1.978,24.44,3.251,1.766,12.98,2.957,2.803,1.395,20.95,1.308,406.4,1.865,997,1.552,11.69,32.19,3.495,1
76,1.359,9.539,8.182,4.291,98.17,3.157,5.892,1.656,932.7,1.222,5.526,3.628,12.91,2.186,7.373,17.38,2.134,232,2.962,20,1.035,725.5,1.841,7.474,623,15.27,15.92,1.236,1
77,1.819,219,806,7.491,82.61,4.167,692,299,624.1,1.021,5.501,1.214,19.31,6.191,4.167,14.23,404,2.439,1.845,32.96,1.111,527.2,692,6.289,3.789,13.05,22.25,8.593,1
78,2.556,3.112,1.326,6.515,152.8,1.823,4.264,5.037,2360,1.701,7.039,1.545,19.67,6.997,248,28.4,1.215,4.055,9.608,170,291,1509,104,9.789,2.768,22.27,28.01,8.668,0
79,2.249,2.736,108,7.964,134.7,128,2.283,5.928,1696,1.347,7.469,1.743,23.86,3.391,1.936,23.68,1.072,3.294,4.932,130.8,1.923,1247,7.649,9.469,1.838,20.09,29.43,4.732,0
80,2.162,2.045,1.167,5.215,144.4,1.562,281,4.028,2081,1.502,6.606,9.209,22.28,5.717,1.288,26.23,6.242,3.828,7.053,80.99,2.422,1407,4.718,1.007,2.087,21.61,28.74,3.726,0
81,0.18,1.575,1.094,4.631,182.1,1.878,2.871,2.747,3216,1.472,577,1.481,21.87,4.034,1.241,33.12,8.361,2.856,534,128.7,2.688,2250,3.109,8.082,1.914,27.22,32.85,2.537,0
82,184,187,8.275,4.775,94.7,3.027,4.105,2.626,826.4,106,568,1.385,25.42,1.376,1.269,16.51,3.031,2.722,1.611,27.41,1.095,668.6,1.947,6.956,7.214,14.74,32.29,1.172,1
83,1.807,1.275,9.746,4.821,118.7,795,113,2.451,1485,1.434,5.664,5.503,18.87,2.763,1.143,21.84,4.041,2.812,3.853,48.9,1.776,1027,2.408,8.198,1.117,18.22,25,1.659,0
84,1.784,138,8.162,328,86.18,2.031,311,1.286,787.9,1.094,5.587,8.265,21.58,2.043,6.881,15.93,2.385,2.994,2.085,20.53,1.112,563,139,7.146,6.031,13.44,30.25,1.102,0
85,1.688,1.278,9.768,7.803,76.53,2.008,3.328,3.856,583,0.15,6.194,9.227,21.53,2.399,7.711,13.67,3.118,2.438,1.503,24.79,7.247,438.6,1.835,8.541,7.849,11.93,26.15,2.507,1
86,2.163,6.146,1.074,2.075,54.09,0,0,682,240.1,1.347,7.359,2.777,18.6,7.767,0,8.952,3.368,3.142,0,17.81,0,221.2,0,8.116,5.847,8.597,22.44,1.403,1
87,1.946,203,8.217,4.428,123.4,5.627,9.271,2.686,1538,1.021,5.044,1.342,18.91,2.264,1.361,22.32,6.896,2.841,3.207,81.23,1.218,1138,404,6.541,8.028,19,25.73,2.731,0
88,1.801,1.956,8.439,491,152.1,9.702,1.324,374,2403,1.228,5.553,8.561,22.04,3.583,1.623,28.01,6.642,3.589,3.948,97.85,2.346,1686,2.822,9.187,1.145,23.27,28.22,2.544,0
89,1.743,2.719,1.061,1.049,66.52,3.965,6.726,7.596,390.4,1.402,7.279,1.471,16.18,236,1.544,11.28,3.677,2.608,1.898,22.68,9.744,324.2,4.004,9.702,1.111,10.25,20.61,4.265,1
90,1.907,2.428,1.099,6.294,123.7,1.009,1.974,3.535,1567,1.679,6.049,6.633,17.6,509,1.695,22.82,6.289,3.799,7.345,71.56,2.378,1076,5.554,9.185,1.686,18.65,21.32,3.994,0
91,1.669,1.223,106,5.314,91.12,6.463,1.126,2.846,869.3,1.613,6.544,9.533,19.62,3.568,9.567,17.04,2.208,3.179,4.069,18.85,1.827,599.5,2.185,1.055,1.133,13.98,30.8,1.791,0
92,1.721,1.924,9.401,5.687,147.3,,2.195,4.614,2384,1.272,6.194,1.352,20.99,4.725,1.561,28.19,1.167,2.833,5.807,156.8,1.841,1491,6.329,8.858,1.961,21.75,28.18,496,0
93,1.818,184,9.984,1.215,74.65,2.594,6.737,5.512,457.8,1.345,6.782,1.768,14.44,2.118,1.494,12.26,2.784,2.329,1.797,20.86,6.918,402.9,5.553,8.134,112,11.54,19.68,4.112,1
94,1.353,1.325,7.685,4.477,87.21,1.723,1.857,2.551,656.7,1.089,5.953,9.234,16.34,1.582,7.956,14.67,1.872,2.346,105,14.55,8.586,571.8,1.079,8.025,6.059,13.64,23.19,1.177,1
95,1.405,1.227,8.817,6.432,88.37,9.937,1.055,2.564,706.6,1.072,5.848,4.833,15.79,1.071,5.657,15.27,3.563,1.859,3.517,29.34,3.312,585.9,7.741,681,6.718,13.78,17.5,1.156,1
96,1.978,2.186,1.027,1.061,129.1,8.886,2.049,3.949,1417,1.463,0.06,1.802,23.5,2.968,1.559,21.65,5.243,292,3.458,60.41,1.564,1155,3.915,7.614,1.558,19.4,30.53,3.252,0
97,1.373,1.416,9.309,6.692,90.03,2.733,1.765,2.476,749.9,1.281,57,1.081,12.88,1.109,6.627,15.53,2.571,0.21,5.307,23.92,589,616.5,5.717,7.083,5.306,14.11,18,1.132,1
98,1.957,1.807,1.175,1.459,76.38,5.564,102,5.217,528.1,178,7.255,1.74,18.18,2.878,1.841,13.36,4.101,266,3.186,27.85,1.416,408.8,4.961,927,1.483,11.62,25.4,3.206,1
99,203,1.789,1.186,7.149,83.97,8.543,2.273,1.008,711.4,1.853,8.243,1.599,24.04,1.058,1.432,15.09,2.976,4.366,1.105,23.94,221,475.9,7.743,2.075,2.396,12.46,40.68,7.217,0
100,1.773,17,8.306,5.617,71.38,2.941,9.737,203,492.7,1.166,6.081,9.961,14.78,9.794,2.941,12.76,2.144,2.815,5.518,15.07,1.667,390,9.737,7.418,4.458,11.25,22.06,7.124,1
101,1.784,1.175,1.043,6.034,102.8,6.211,1.191,2.256,854.3,1.541,6.259,3.871,11.28,2.979,1.067,17.01,163,2.557,4.004,13.87,1.452,747.2,3.336,8.181,1.299,15.73,14.2,182,1
102,1.535,1.191,7.741,4.259,70.31,7.246,2.712,3.537,496.7,112,6.214,6.881,14.83,1.879,4.168,12.68,1.855,259,2.079,12.98,5.556,378.2,194,9.158,4.768,11.06,20.35,1.469,1
103,1.861,1.875,9.721,677,105.1,5.943,9.447,3.434,1233,1.314,6.248,1.332,18.05,2.236,1.167,19.92,7.049,2.792,2.802,74.08,1.216,813,3.067,8.158,1.137,16.11,25.27,1.938,0
104,1.692,1.492,943,6.001,120.2,6.847,1.153,2.205,1590,1.465,5.727,1.202,21.91,2.275,9.148,22.52,5.959,3.109,3.965,68.35,1.379,1075,2.855,761,9.709,18.45,31.39,1.422,0
105,1.739,1.539,9.832,4.953,94.29,4.349,8.222,2.281,862,1.223,564,6.237,13.66,1.928,8.648,16.76,4.165,2.626,2.492,37.11,9.186,658.8,3.035,7.048,8.918,14.58,17.24,1.812,1
106,1.566,1.695,8.123,8.412,82.5,2.343,6.195,2.801,595.7,1.227,5.708,1.36,28.92,162,762,13.89,2.116,2.372,2.439,16.83,6.493,514.3,3.898,7.242,5.824,12.88,35.74,2.153,1
107,1.761,2.751,9.579,5.727,84.52,295,7.107,4.572,634.3,1.288,654,5.664,19.35,3.253,9.811,14.42,2.684,3.596,3.439,20.65,9.858,514,4.393,9.166,1.125,12.98,21.95,3.255,1
108,158,2.203,8.491,744,61.05,9.615,2.337,4.154,364.2,1.199,6.235,1.363,19.34,9.546,9.615,10.93,2.957,2.552,935,18.24,3.846,285.7,2.337,792,503,9.683,25.59,1.123,1
109,1.621,1.069,8.588,2.866,118.6,5.814,8.169,1.087,1410,1.234,5.425,4.757,18.58,2.445,6.719,21.31,2.577,3.206,3.538,28.92,1.571,1041,1.412,6.938,8.468,18.31,26.36,9.181,0
110,1.589,1.171,7.966,4.837,89.59,2.652,2.087,2.104,688.9,1.034,5.586,6.549,15.66,1.017,1.076,14.91,2.142,2.136,626,19.25,8.216,606.5,9.213,671,5.581,14.02,19.31,9.238,1
111,1.908,2.062,1.096,6.351,91.43,5.246,9.789,2.695,826,1.512,613,8.098,17.05,3.262,1.342,16.39,425,3.068,3.209,35.74,1.374,602.4,3.119,7.957,1.279,13.96,22.07,2.679,0
112,1.953,1.964,9.029,3.872,122,8.271,1.468,3.337,1623,1.249,5.629,6.636,24.59,3.206,12,24.56,5.495,3.956,5.755,57.65,1.956,1076,371,9.288,1.206,19.02,30.41,1.842,0
113,2.196,1.738,1.216,7.405,73.3,6.367,1.689,4.435,508.1,2.184,795,1.027,18.83,9.379,1.339,13.24,2.114,4.154,8.402,13.99,2.524,361.6,4.588,1.403,2.154,11.08,32.82,4.549,0
114,1.486,2.079,1.004,9.519,70.39,2.932,4.944,2.701,472.4,1.363,6.615,1.743,18.59,1.644,1.155,12.4,3.796,2.251,1.412,25.78,7.887,370,199,7.732,746,10.94,25.58,2.134,1
115,1.714,187,9.916,6.739,88.73,3.783,5.385,3.747,701.9,1.425,6.843,1.249,18.68,2.566,1.352,15.11,3.191,2.849,1.935,26.45,1.284,571,2.086,9.031,107,13.71,25.63,2.251,1
116,2.238,196,8.946,7.501,61.49,1.514,2.948,3.913,385.2,1.234,6.413,1.35,18.49,1.542,9.883,11.14,3.776,3.174,1.277,22.73,656,289.1,2.714,8.524,6.258,9.667,25.62,1.989,1
117,1.621,1.574,7.984,6.588,61.68,1.043,1.541,2.268,349.9,111,5.952,1.687,28.2,1.109,6.104,10.67,1.781,2.321,719,11.28,4.866,290.9,145,7.211,4.626,9.755,36.92,127,1
118,1.695,1.938,9.231,5.833,78.31,2.027,4.392,196,624.6,1.368,5.916,7.786,18.02,217,7.087,14.29,2.527,3.218,2.413,18.57,8.829,458.4,0.02,747,7.175,12.21,24.04,1.388,1
119,1.564,1.411,8.662,5.726,111,2.837,2.891,1.578,1218,124,5.307,1.317,23.06,1.486,7.671,19.85,4.007,2.452,1.211,44.41,8.235,933.1,1.246,6.515,629,17.35,31.47,1.106,0
120,1.687,1.148,8.098,3.271,96.45,3.221,5.539,2.379,906.6,1.065,5.669,4.334,14.93,2.791,8.399,17.18,2.446,2.688,3.151,23.31,1.147,686.9,231,8.273,8.549,14.92,18.22,177,1
121,182,2.094,103,832,77.61,4.274,5.441,3.674,513.9,1.311,685,1.204,24.89,1.822,1.665,12.98,2.623,2.599,1.609,19.39,1.202,441.3,2.334,8.251,9.218,11.99,30.36,2.025,1
122,2.495,2.337,1.109,1.236,110.2,1.377,3.176,6.042,1226,1.504,8.104,2.454,23.2,5.172,3.024,19.85,1.292,3.277,6.181,138.5,2.462,773.5,8.232,1.019,3.114,15.66,31.64,5.995,0
123,1.746,1.113,9.714,335,85.42,5.252,8.259,172,740.7,1.503,6.177,6.123,21.81,3.904,6.853,16.23,1.938,3.693,3.728,14.49,1.607,531.5,1.452,9.618,1.047,13.17,29.89,1.384,0
124,1.883,1.677,1.013,6.662,73.87,2.929,4.328,2.784,491.8,1.389,6.168,1.038,14.93,1.582,1.006,12.65,2.562,2.664,1.804,18.62,9.608,406.3,2.105,7.809,7.808,11.52,21.19,1.228,1
125,1.641,1.719,8.045,5.371,89.75,3.251,2.681,1.444,684.5,1.066,5.764,1.685,17.18,1.231,9.155,14.92,1.504,2.523,846,12.67,7.911,609.1,1.132,6.609,5.361,14.06,25.34,1.273,1
126,1.506,1.942,1.009,6.836,59.82,1.406,271,2.713,439.6,1.333,6.959,1.247,18.32,1.049,6.565,12.02,5.079,2.454,1.144,30.48,5.052,278.6,2.348,8.136,5.956,9.436,25.02,8.982,1
127,1.859,1.449,1.016,5.251,75.21,2.157,42,2.671,550.6,155,6.461,8.745,20.02,2.964,5.298,13.35,2.067,3.206,2.758,15.34,812,416.2,184,895,9.453,11.67,28.81,1.727,1
128,1.845,1.916,778,4.359,70.79,6.434,4.967,2.534,470.9,9.994,5.828,1.647,33.81,6.885,3.419,12.36,2.239,2.911,2.318,15.46,3.002,386.8,3.223,7.307,3.574,11.22,41.78,6.813,1
129,1.495,1.694,9.686,7.257,106.6,4.835,5.862,2.001,1009,1.338,5.593,1.439,18.29,1.679,1.033,18.13,3.389,2.394,1.663,33.58,9.123,838.1,1.832,6.469,8.468,16.5,25.45,1.805,1
130,1.528,2.043,7.436,5.783,79.42,5.449,1.194,1.058,585.7,9.293,5.185,9.527,18.07,4.327,3.617,13.72,3.511,2.233,3.581,28.3,1.635,491.9,7.929,5.521,265,12.54,20.98,4.693,1
131,1.339,1.359,1.051,6.578,74.72,26,3.592,3.707,546.7,1.271,5.945,2.508,16.67,1.028,1.307,13.33,4.489,1.712,1.046,34.37,6.968,423.6,2.662,7.343,6.095,11.71,25.48,138,1
132,1.562,1.561,8.675,7.295,85.98,351,1.085,323,689.1,1.351,602,7.884,20.74,3.549,1.254,14.8,3.152,2.563,4.504,27.4,1.181,536.9,4.615,8.174,1.089,13.14,25.46,3.179,1
133,1.954,222,1.194,1.262,71.25,4.268,4.063,8.313,411.1,1.662,7.976,01.03,17.12,2.031,1.285,11.69,1.779,278,1.256,12.3,9.514,366.5,18,1.168,1.071,11.06,20.74,2.348,1
134,2.678,5.628,1.091,5.427,78.99,7.415,1.659,4.635,591.7,1.385,7.371,1.426,16.58,4.092,1.843,13.74,3.197,5.774,4.504,24.72,1.865,432,4.649,103,0.17,11.8,26.38,3.633,0
135,1.979,1.503,9.586,7.514,78.54,4.107,4.187,3.338,638.4,1.429,6.013,1.326,19.56,2.042,114,14.44,3.534,2.668,1.377,27.24,108,461,1.401,8.174,8.087,12.23,28.36,1.779,1
136,2.079,1.972,9.723,5.969,76.95,1.863,4.151,2.607,567.9,1.377,5.968,1.255,15.65,2.003,7.027,13.67,2.271,3.379,2.267,16.16,7.632,443.3,2.007,7.924,7.165,12,24.9,1.812,1
137,1.714,4.077,8.757,7.762,96.03,6.602,1.362,2.286,767.3,9.983,7.192,1.77,19.73,2.472,2.771,15.77,8.811,2.272,222,77.11,1.021,651,996,8.799,1.676,14.41,22.13,1.064,1
138,1.778,2.104,8.677,5.324,83.74,3.088,4.894,1.887,643.8,1.312,6.235,7.712,15.92,2.548,7.584,14.48,2.143,3.549,209,16.64,1.012,512.2,151,8.118,9.509,12.9,21.82,1.563,1
139,2.003,188,7.987,5.296,70.67,2.074,3.546,1.941,447.1,1.095,6.246,1.031,14.93,1.982,696,12.09,1.642,3.202,1.553,11.68,6.754,372.7,1.723,7.287,7.079,11.04,20.83,1.903,1
140,1.832,1.617,1.012,7.974,121.3,9.183,1.491,5.255,1600,1.412,6.697,1.045,17.52,3.089,1.573,22.75,7.923,251,3.533,95.77,1.663,1068,4.435,9.445,1.317,18.49,22.88,3.214,0
141,2.128,1.743,1.158,6.532,85.98,734,1.226,3.643,759.4,1.786,6.777,8.937,18.66,4.166,1.215,15.67,2.871,0.39,5.006,24.25,2.088,534.6,2.905,1.179,1.231,13.17,27.95,2.336,0
142,1.922,3.504,9.688,747,69.28,2.642,6.387,3.318,424.8,1.213,6.491,1.197,18.95,2.515,1.365,11.88,4.505,294,1.916,27.1,7.926,346.4,3.354,7.587,1.147,10.6,22.94,3.581,1
143,158,2.669,7.551,6.011,82.63,1.867,6.126,7.731,645.8,9.402,6.114,1.798,21.37,1.936,1.341,14.4,4.993,2.488,1.838,41.24,5.601,514.5,5.175,8.151,8.316,12.85,27.01,448,1
144,1.879,1.462,9.752,8.005,94.48,5.839,9.388,4.452,826.4,1.431,639,1.851,19.77,3.026,1.424,16.33,2.895,2.718,3.194,26.85,1.565,642.5,3.321,9.353,1.141,14.42,30.86,2.895,0
145,1.694,3.373,8.749,4.571,82.02,2.864,3.112,5.875,579.5,9.388,6.287,1.748,21.41,8.978,1.757,13.75,7.311,2.179,5.186,53.65,4.773,507.4,2.176,6.871,6.601,12.77,23.5,179,1
146,1.794,1.369,9.463,4.314,119.6,74,1.127,2.179,1606,1.442,5.742,7.732,19.98,2.576,1.039,22.88,4.467,3.063,3.784,53.91,1.932,1040,2.254,8.368,109,18.25,27.66,1.382,0
147,1.683,209,9.752,1.011,54.34,7.799,2.061,2.788,274.9,1.733,7.187,5.796,11.79,1.239,5.742,9.507,1.559,322,1.168,8.322,4.419,224.5,1.981,9.026,5.272,8.618,15.4,1.055,1
148,159,2.254,9.831,7.962,81.37,2.864,3.653,1.906,554.9,1.296,5.653,8.732,16.49,7.061,8.662,13.46,2.368,2.383,1.039,18.33,5.882,502.5,1.585,641,5.234,12.78,19.76,5.612,1
149,1.935,1.772,1.025,4.766,102.6,6.462,1.147,3.131,1088,1.552,6.303,9.209,20.25,448,8.637,19.56,3.473,3.993,3.976,32.19,1.479,761.3,2.384,1.064,1.204,15.75,30.29,2.374,0
150,1.856,191,1.101,3.818,94.28,5.778,8.842,2.808,745.5,1.313,6.402,857,10.89,1.788,12,15.7,2.929,2.889,256,24.19,1.221,640.7,2.882,8.006,1.099,14.5,15.98,1.276,1
151,1.584,3.281,1.037,1.385,62.5,1.778,4.334,4.638,367,1.467,7.065,1.424,16.99,1.765,1.023,11.05,403,2.533,0.13,22.87,5.334,290.2,2.722,8.468,8.404,9.777,21.47,2.932,1
152,1.842,2.008,971,5.771,103.6,6.606,9.954,4.144,1299,1.396,6.082,9.849,17.89,5.609,1.282,20.42,5.058,3.792,3.965,54.16,181,781,2.791,1.048,1.292,15.78,27.28,4.061,0
153,1.943,2.801,1.158,9.702,81.25,3.279,5.928,248,552,158,6.612,1.095,16.32,1.751,1.161,13.57,2.577,3.155,1.889,18.49,8.411,476.3,2.575,7.538,1.085,12.54,21.4,1.567,1
154,1.598,1.835,1.073,6.587,75.89,444,5.282,2.318,552.3,1.349,6.677,1.907,17.56,1.854,1.316,13.5,4.384,2.478,1.366,30.66,101,422.9,1.737,7.757,9.713,11.75,27.98,1.815,1
155,1.867,1.144,9.726,4.493,111.6,6.527,9.061,1.575,1436,1.558,558,7.383,22.07,2.567,9.875,21.58,4.203,3.216,3.889,45.42,1.984,928.3,2.048,757,8.995,17.19,29.33,1.206,0
156,1.735,187,9.879,2.887,83.18,239,3.296,1.972,580.9,1.172,62,905,16.17,1.958,7.308,13.86,1.458,3.297,181,11.36,8.388,507.6,1.613,7.834,8.836,12.94,23.02,1.285,1
157,1.464,1.454,9.087,4.911,78.29,1.527,2.916,1.858,547.4,1.208,6.284,1.19,18.03,2.279,5.161,13.34,2.194,2.406,162,16.26,569,455.3,1.397,7.729,7.838,12.16,27.87,1.666,1
158,1.537,208,9.929,7.256,91.38,4.304,4.462,5.304,706.7,1.241,6.171,1.492,27.15,2.264,1.626,15.3,3.645,225,1.326,29.84,1.048,600.4,2.071,8.321,1.126,14.05,33.17,2.678,1
159,1.927,1.527,1.071,582,114.2,7.944,1.692,6.299,1681,1.585,6.487,1.041,24.52,7.394,1.127,23.32,5.907,3.313,6.566,69.47,1.899,929.4,4.252,1.339,183,17.2,33.82,5.616,0
160,2.075,2.418,9.444,9.369,94.25,4.938,1.204,3.249,808.9,1.306,5.636,2.22,21.46,1.976,1.761,16.21,4.204,302,3.349,38.87,1.225,648.2,5.371,6.846,9.947,14.48,29.25,2.983,0
161,1.718,3.139,1.007,7.831,75.27,1.553,2.353,1.988,489.5,1.356,578,1.926,17.39,0.1,624,12.57,1.859,0.32,8.803,14.47,4.306,428.9,1.556,6.576,5.562,11.81,26.48,8.776,1
162,2.116,2.427,1.132,5.508,95.77,7.064,9.966,4.841,803.6,1.277,6.346,7.372,15.24,3.089,1.623,16.34,5.115,3.151,2.604,42.76,1.397,651.9,4.436,8.473,1.339,14.64,18.24,4.412,1
163,2.001,2.353,115,9.006,99.58,8.534,1.138,4.984,762.6,1.386,6.467,1.068,16.39,2.883,2.258,16.11,4.309,259,196,39.84,1.423,674.5,3.204,7.779,1.807,15.1,18.33,4.185,1
164,1.794,1.682,9.831,6.627,109.3,8.866,1.793,4.584,981.2,1.415,6.323,1.284,20.11,4.667,1.813,17.79,3.037,3.054,5.862,31.59,2.035,832.9,5.371,9.519,1.556,16.46,28.45,4.094,0
165,1.769,1.367,9.469,4.551,135.7,8.646,1.367,2.299,3432,1.401,5.674,1.617,31.12,2.644,928,32.49,1.172,2.868,3.442,199.7,1.659,1419,2.143,8.218,1.143,20.73,47.16,1.478,0
166,2.151,2.773,1.026,9.197,109.8,9.194,2.236,6.355,939.7,1.377,6.578,9.857,19.51,4.462,2.215,17.39,3.147,3.318,5.897,33.12,1.775,815.8,8.079,9.136,1.893,16.25,23.05,547,0
167,2.384,5.113,1.075,797,94.37,6.618,1.981,1.172,762.4,1.533,7.542,2.11,23.12,9.327,1.666,15.74,286,5.166,8.488,31.72,1.772,609.9,1.166,1.446,2.413,14.22,37.18,1.354,0
168,1.876,1.388,1.066,4.563,108.8,9.052,1.948,4.081,1031,1.365,6.684,9.173,18.77,4.706,1.209,18.55,2.873,277,5.026,28.09,1.732,805.1,3.872,1.063,1.802,16.24,25.09,3.481,0
169,1.792,1.818,8.268,5.212,88.27,2.471,4.249,4.868,657,1.275,5.897,5.417,15.15,3.104,8.356,14.54,1.402,3.387,2.569,11.35,1.054,580.6,2.443,9.638,7.548,13.66,19.64,2.984,1
170,1.801,1.565,1.142,854,75.17,3.485,707,384,521.7,1.688,652,1.657,18.33,266,1.398,13.14,306,2.806,2.873,20.62,1.218,412.5,2.945,9.097,1.017,11.64,29.26,231,1
171,1.375,1.564,9.245,5.841,86.34,3.264,2.819,2.985,705.6,1.172,6.016,1.924,30.72,1.421,9.128,15.05,3.408,2.196,7.003,28.93,7.763,557.2,7.936,7.675,7.426,13.38,41.61,1.246,1
172,1.601,1.096,8.872,6.175,76.14,1.796,2.606,1.857,589.5,1.374,5.541,1.045,10.91,1.575,5.832,13.8,2.522,246,1.514,18.95,6.876,442.7,1.376,7.262,5.242,11.93,20.14,1.204,1
173,1.386,1.069,7.355,4.481,84.74,2.648,3.261,1.435,830.6,1.006,5.318,1.153,14.76,1.238,1.082,16.36,4.057,2.027,135,36.35,1.001,551.7,1.358,6.206,5.055,13.27,22.35,1.038,1
174,1.454,1.638,8.473,4.242,96.39,3.736,1.029,4.406,733.5,1.026,6.147,1.108,22.68,3.171,1.606,15.48,2.254,2.258,3.662,19.54,1.105,657.1,6.578,8.004,133,14.59,27.27,4.639,1
175,1.516,1.897,9.774,6.905,74.68,3.239,3.809,1.671,521.5,1.323,6.095,7.655,17.19,104,1.185,13.01,2.451,2.572,1.521,17.86,1.099,420.3,1.978,7.097,6.141,11.71,21.39,8.704,1
176,1.365,148,7.376,3.338,85.69,4.419,2.758,1.566,698.7,9.023,5.335,6.864,,5.836,3.242,14.97,2.244,2.267,1.379,20.39,221,566.2,203,6.192,3.614,13.5,16.94,3.746,1
177,1.811,2.187,1.054,0.01,81.47,2.799,7.741,6.005,515.8,145,7.102,1.46,17.68,2.629,1.167,12.88,1.767,2.556,2.403,15.43,737,467.8,4.861,9.359,1.316,12.4,22.91,3.295,1
178,2.035,286,1.082,7.807,85.09,5.603,9.603,5.715,591.2,1.343,6.501,1.51,18.59,2.658,1.876,14.19,3.106,3.113,2.573,21.57,1.258,512,5.112,8.317,1.304,13.05,24.85,3.932,1
179,1.506,1.594,8.968,609,115.1,7.488,1.036,2.658,1239,1.381,5.491,8.282,19.32,342,1.345,20.42,3.971,2.928,3.508,40.73,1.939,951.6,2.713,7.867,1.198,17.54,25.84,2.569,0
180,1.631,1.054,9.277,3.828,87.76,188,1.752,1.697,773.4,1.264,6.155,4.801,16.33,1.564,5.077,15.85,2.047,2.806,1.206,17.25,8.704,575.5,7.078,7.782,7.255,13.68,20.2,7.228,1
181,1.844,152,7.445,3.443,108.4,2.771,515,1.519,1032,8.774,5.268,02.06,19.46,171,111,18.22,4.789,2.527,1.882,46.61,8.436,880.2,3.056,5.972,7.223,16.84,28.07,2.661,1
182,2.397,2.324,1.178,6.522,140.1,152,3.514,6.185,1821,165,7.016,1.595,29.33,8.681,1.664,25.74,726,4.087,9.387,86.22,265,1265,7.117,124,277,20.6,39.42,6.158,0
183,1.829,1.853,7.941,5.298,82.53,2.377,3.873,2.152,600.6,1.097,5.667,9.086,16.33,1.506,842,13.88,1.942,3.024,1.764,15.75,8.235,516.4,2.321,6.949,5.366,12.91,22,1.587,1
184,2.085,2.018,112,8.198,102.9,8.481,1.522,5.815,1748,1.517,6.864,1.213,21.08,4.002,2.139,23.17,1.37,3.003,4.211,176.5,2.134,803.1,4.493,1.048,1.571,15.5,27.65,3.889,0
185,2.252,1.454,1.054,4.452,97.41,8.783,1.425,3.711,896.9,1.525,6.924,9.832,21.53,6.643,1.352,17.62,2.545,4.264,5.539,21.05,2.701,644.8,2.681,1.275,1.868,14.58,33.21,3.055,0
186,155,193,8.923,7.571,120.9,5.843,802,1.676,1236,1.243,4.996,828,19.98,116,1.463,19.96,3.283,2.567,221,36.74,1.294,1102,2.623,5.737,5.884,18.81,24.3,1.114,0
187,1.903,2.277,925,604,61.24,0,0,322,342.9,1.234,6.422,496,11.97,7.204,0,10.62,1.988,3.105,0,12.26,0,288.5,0,8.151,4.102,9.738,14.1,5.656,1
188,1.607,1.647,7.026,3.728,88.37,8.507,2.045,197,745.3,8.484,5.474,6.218,16.16,1.233,7.016,15.51,2.541,2.542,1.091,23.12,4.537,596.6,1.988,6.623,4.831,13.88,19.97,1.415,1
189,1.815,1.829,8.582,5.498,85.24,2.424,3.344,1.956,621.2,114,5.696,1.539,21.57,1.667,6.399,14.2,2.621,2.637,1.212,20.98,5.614,546.1,1.795,6.658,6.373,13.3,29.2,2.045,1
190,1.579,1.062,7.991,3.704,88.73,207,2.995,2.217,830.5,1.064,5.594,9.264,19.24,1.415,6.275,16.41,3.316,2.356,1.673,28.41,815,602.9,153,7.603,5.326,13.9,26.42,1.082,1
191,1.514,1.365,7.903,5.169,81.35,2.036,5.438,3.407,624,1.227,6.019,1.066,23.97,3.454,8.691,14.2,2.449,2.826,3.911,18.51,118,496.4,3.016,9.585,7.529,12.62,31.31,2.294,1
192,1.948,1.536,1.169,6.697,106.9,8.488,1.478,2.789,1121,159,6.277,1.232,20.71,2.947,1.392,19.28,4.375,3.103,3.597,44.41,1.583,813.7,3.248,82,1.319,16.27,30.38,2.083,0
193,1.669,388,9.699,1.286,64.6,3.716,1.307,1.792,390.2,1.301,8.116,2.261,18.06,295,246,11.26,4.311,2.614,3.486,27.48,991,302.4,1.197,1.162,1.294,9.904,24.39,8.808,1
194,1.976,1.715,1.248,1.004,90.31,6.615,101,5.528,653.3,1.394,6.457,2.635,13.17,1.364,2.853,14.62,5.461,216,1.559,44.74,1.015,594.2,4.763,7.253,9.755,13.94,15.38,3.247,1
195,1.203,247,6.935,5.042,78.75,2.978,7.943,7.358,488.4,8.799,6.659,1.434,22.72,3.214,1.667,12.57,1.194,2.191,2.912,9.549,1.092,447.8,4.305,9.349,1.073,12.05,28.71,456,1
196,1.585,1.647,9.055,7.499,81.72,2.704,4.711,2.629,653.6,1.419,6.065,1.38,22.47,1.523,892,14.49,2.367,2.829,2.177,19.87,9.331,506.3,2.332,8.067,5.761,12.77,33.37,1.202,0
197,2.175,3.197,9.742,5.635,109,8.773,1.811,4.085,1165,1.415,6.218,1.022,23.29,4.665,1.656,19.38,4.312,4.824,7.087,45.5,2.248,840.4,6.072,9.614,1.497,16.35,31.03,3.917,0
198,1.647,212,1.024,1.052,98,6.553,1.235,4.867,1050,166,6.464,1.506,25.74,2.356,1.746,18.51,6.534,2.654,4.029,63.37,1.526,716.6,4.912,9.438,9.769,15.08,33.22,2.431,0
199,1.834,2.292,9.345,638,73.28,2.069,2.638,1.461,508.9,1.183,5.934,8.429,18.45,1.049,9.175,12.97,3.927,274,8.105,26.99,6.544,407.4,1.245,6.487,5.991,11.5,22.46,1.065,1
200,1.874,2.632,7.351,3.629,84.18,1.883,4.057,3.705,621.9,9.329,5.899,1.299,18.29,2.318,1.065,14.13,2.357,3.207,1.604,20.21,6.608,525.2,3.452,7.247,7.899,12.96,24.61,3.713,1
201,1.571,1.276,9.446,6.211,134.8,8.941,1.527,1.711,1946,1.562,5.478,6.575,17.35,3.055,1.232,25.37,6.137,2.689,4.159,77.02,2.112,1335,2.681,7.055,1.076,20.64,23.17,1.895,0
202,1.707,1.414,6.995,5.356,92.25,1.737,3.476,1.892,734.6,1.017,5.433,9.112,26.99,146,637,15.4,2.315,2.345,1.472,20.52,5.563,646.1,1.971,6.464,5.223,14.4,31.98,1.679,1
203,1.925,1.547,1.398,7.162,87.21,9.601,2.071,7.098,827.2,1.862,7.692,9.238,15.56,4.099,1.388,16.31,3.908,3.147,6.376,34.66,1.986,530.2,5.473,1.405,1.765,13.11,22.4,2.912,0
204,1.872,2.068,8.837,7.138,95.81,389,1.009,6.111,808.9,134,6.341,1.079,24.99,4.202,1.162,16.22,2.542,3.187,404,23.11,1.205,656.4,3.829,1.023,123,14.47,31.73,4.653,1
205,2.108,2.747,8.999,6.717,114.4,7.507,9.697,5.838,1295,1.134,5.464,1.633,22.13,2.867,2.149,20.39,8.348,3.067,2.298,90.94,1.528,947.8,4.638,7.484,1.273,17.29,27.24,5.981,0
206,1.727,1.829,1.119,6.455,111.8,9.934,1.508,3.733,1362,1.449,6.071,2.129,21,2.053,1.744,20.99,8.161,2.623,392,87.17,1.827,918.6,4.502,7.599,1.056,17.06,33.15,1.797,0
207,1.387,1.824,9.492,8.732,63,2.416,233,3.494,376.5,1.419,6.891,1.216,15.68,2.243,6.801,11.24,2.498,2.502,8.434,15.24,6.528,293.2,1.062,9.209,8.419,9.847,22.99,2.042,1
208,1.995,1.468,1.121,6.048,110,917,1.525,2.801,2215,1.805,633,9.017,21.38,3.578,113,26.46,8.068,3.613,4.695,102.6,2.095,904.6,2.741,9.564,1.457,16.65,31.56,1.882,0
209,1.601,1.526,8.284,4.929,86.87,2.833,101,8.133,733.5,1.201,6.432,8.135,20.13,5.646,1.368,15.44,281,2.845,6.556,23.81,1.357,542.9,7.683,1.249,1.223,13.24,25.5,6.657,1
210,1.902,1.435,102,7.392,126.2,9.664,1.921,3.446,1724,1.782,622,1.001,26.6,3.841,1.293,23.72,6.361,3.258,5.754,69.65,1.872,1138,3.988,972,1.453,19.16,35.9,2.449,0
211,1.551,1.879,1.012,1.134,79.85,2.822,537,5.348,553,1.452,6.761,1.656,22.22,2.338,1.135,13.58,2.949,2.268,1.688,21.55,8.194,464.5,3.125,9.082,1.015,12.34,28.68,3.175,1
212,1.689,1.129,9.003,3.681,78.94,2.647,2.958,1.366,564.9,1.292,5.808,4.957,12.27,2.074,574,13.61,1.166,311,1.791,8.955,107,468.5,8.732,7.592,6.307,12.34,19.27,9.169,1
213,1.618,1.547,9.597,4.626,101.2,5.189,6.593,243,1269,1.414,5.549,1.15,20.31,3.547,9.767,20.11,3.699,3.437,2.902,40.98,1.541,766.6,1.954,8.631,8.799,15.7,32.82,2.263,0
214,1.539,1.897,8.276,8.835,81.35,1.499,1.997,1.726,594.7,1.234,5.637,1.367,29.43,1.064,9.305,13.87,2.409,2.407,8.653,18.76,6.498,507.9,1.328,6.484,4.234,12.77,36,1.233,1
215,1.861,1.212,1.007,4.474,70.41,1.571,5.115,4.672,433.1,1.332,6.837,538,15.62,3.898,6.691,11.94,1.482,2.581,3.365,9.597,7.966,358.9,2.757,108,1.069,10.88,19.35,3.093,1
216,1.779,1.838,1.042,6.715,80.64,288,5.892,6.884,600.5,1.427,6.588,873,17.48,3.593,1.051,14.18,2.608,2.819,3.206,19.2,9.804,462.9,4.757,1.118,1.297,12.39,23.13,3.705,1
217,2.459,2.734,1.158,58,77.23,1.787,1.171,3.114,496.2,1.293,6.581,01.05,14.96,1.885,1.052,12.81,361,3.124,3.122,26.65,4.766,426.7,7.816,759,1.206,11.95,17.72,2.417,1
218,2.403,2.572,1.291,134,87.91,6.556,6.877,6.164,605.5,1.451,6.641,1.014,10.94,1.379,8.239,14.08,4.101,271,8.539,32.65,7.407,559.2,1.162,7.191,1.047,13.53,12.49,2.839,1
219,1.885,198,9.779,8.462,87.46,4.781,6.664,23,711.2,144,5.766,7.886,14.36,1.773,1.315,15.11,2.699,2.977,239,23.56,1.288,566.3,2.387,7.259,8.129,13.54,19.26,146,1
220,1.861,2.223,9.136,591,82.67,209,1.797,2.378,626.9,1.214,6.347,7.693,19.54,1.652,6.502,14.45,3.665,3.313,7.127,26.5,6.384,509.2,7.066,7.735,7.883,12.87,24.38,1.362,1
221,1.596,1.266,876,5.501,84.95,398,1.374,7.555,639.1,1.254,6.409,4.402,14.11,5.849,137,14.39,2.025,2.639,7.727,16.35,1.561,512.2,8.158,1.178,1.346,12.89,17.7,5.592,1
222,1.944,1.906,8.515,4.449,97.53,3.876,6.859,4.015,867.1,1.077,5.913,1.336,22.11,3.345,1.196,16.76,3.186,3.163,3.114,28.51,1.308,693.7,3.312,9.251,1.025,14.99,31.55,2.808,1
223,1.809,1.226,9.812,486,113.4,8.811,1.417,2.759,1408,1.365,5.966,8.561,39.28,3.735,1.374,22.51,5.366,2.853,3.241,49,2.066,920.6,2.602,8.496,1.298,17.46,44.87,2.785,0
224,1.615,1.745,8.437,7.334,76.77,1.945,4.055,4.302,523.7,1.208,6.104,1.705,28.23,1.856,9.166,13.09,1.912,2.447,1.811,13.86,7.116,442.5,2.941,8.194,645,12,37.88,2.589,1
225,1.555,1.982,8.386,718,76.66,8.488,751,2.754,562.6,1.289,6.048,1.152,18.9,1.352,5.495,13.64,243,288,4.506,18.02,5.093,445.3,5.832,8.083,5.794,12.06,27.06,1.096,1
226,2.095,2.657,9.078,6.016,132.4,8.683,1.465,4.411,1750,119,5.649,1.509,23.03,3.539,1.269,24.22,7.576,3.689,4.098,87.87,1.573,1264,4.232,8.368,1.313,20.26,31.59,3.482,0
227,1.793,2.045,9.898,874,111.2,6.431,1.007,4.417,1648,0.16,6.281,1.152,27.15,2.444,1.458,22.96,9.291,301,2.639,115.2,1.555,930.9,2.721,906,111,17.08,34.49,2.219,0
228,1.703,2.538,,1.439,63.76,2.404,1.597,347,437,1.521,6.048,1.268,15.11,1.019,2.404,11.87,4.245,2.933,692,26.43,1.042,317.5,1.597,7.697,4.695,10.08,21.18,12,1
229,2.743,4.183,1.134,7.514,64.55,129,1.084,5.953,368.6,1.275,696,1.441,14.88,9.866,8.193,11.02,5.158,3.557,2.168,34.62,2.579,311.9,7.665,802,8.061,10.17,17.45,1.099,1
230,2.057,2.632,1.255,2.177,64.12,7.038,1.188,1.148,328.1,2.006,9.575,1.39,13.14,3.663,145,10.6,2.744,2.848,2.913,17.67,1.075,272.5,5.189,1.364,2.204,9.676,18.04,4.888,1
231,2.092,2.674,1.148,3.899,120.3,106,1.772,5.126,1321,128,631,1.593,18.7,2.297,9.222,20.6,8.337,3.021,2.623,98.81,1.325,1033,2.817,7.987,1.485,18.22,24.13,2.961,0
232,135,1.801,1.024,1.113,62.11,7.937,6.829,5.667,366.1,1.316,689,2.043,19.94,9.473,525,10.92,335,1.934,2.049,20.05,2.381,294.5,5.308,8.988,5.301,9.787,26.29,1.463,1
233,1.638,1.374,9.667,6.064,81.78,1.924,1.288,1.392,553.7,1.298,61,6.931,13.78,1.472,7.978,13.5,1.807,2.369,5.233,13.38,6.343,492.1,6.564,6.922,8.393,12.72,17.48,118,1
234,2.183,2.007,1.064,6.248,124.8,1.244,2.319,456,1670,1.491,6.197,1.466,25.11,4.257,1.158,23.15,8.307,3.444,6.133,105,1.848,1088,5.196,9.782,1.887,18.63,34.01,3.374,0
235,1.388,1.488,9.261,82,74.52,4.105,1.112,4.738,474.2,1.298,657,2.904,23.93,2.517,1.267,12.48,2.388,2.112,363,16.97,9.653,403.5,5.738,8.732,1.021,11.51,37.16,2.982,1
236,1.869,1.537,6.883,3.653,71.76,3.125,1.633,2.052,452.3,9.203,5.628,8.927,27.08,1.432,3.125,12.08,121,2.849,1.089,8.605,2.083,395.7,1.633,7.087,3.813,11.32,33.75,1.647,1
237,1.714,1.718,1.077,5.158,70.92,248,3.046,2.198,471.4,1.369,634,1.387,16.83,1.482,7.483,12.41,1.967,2.998,1.067,13.54,7.431,373.2,1.056,7.881,7.804,11.04,26.44,9.355,1
238,1.767,1.415,8.523,5.524,127.5,6.772,1.114,3.397,1688,1.322,5.529,1.073,22.49,5.601,1.221,23.36,4.357,3.193,3.865,54.22,1.708,1148,2.706,9.221,1.428,19.18,32.06,3.698,0
239,1.995,3.127,1.152,1.017,78.11,3.003,371,9.423,509.6,1.424,7.839,6.538,14.65,2.517,111,13.15,3.962,2.727,942,25.03,6.042,432.8,2.789,1.036,1.296,11.9,16.51,4.741,1
240,1.912,1.873,9.751,4.577,94.15,4.223,8.007,3.373,862.1,1.294,6.412,7.706,16.54,3.371,1.243,16.67,3.491,3.053,3.755,32.14,1.414,641.2,384,8.764,1.139,14.42,21.51,3.053,1
241,1.709,1.816,1.218,5.273,84.45,5.303,4.825,3.299,674.7,1.456,7.253,1.169,18.22,2.961,1.244,15.05,4.426,2.582,1.246,34.37,1.096,493.1,1.405,8.893,1.661,12.88,24.37,2.329,1
242,1.489,1.516,8.915,8.565,71.73,3.613,9.457,4.976,476.4,1.391,664,1.376,17.2,4.082,1.768,12.36,2.574,254,4.779,18.15,1.555,371.5,643,9.532,1.113,10.97,26.87,4.638,1
243,1.641,1.759,1.076,5.704,82.69,5.074,8.017,3.563,633.7,1.533,6.854,6.332,18.17,3.842,1.032,14.38,2.324,323,3.582,18.4,1.407,485.6,2.636,1.033,1.334,12.65,22.15,2.502,1
244,1.422,1.208,7.115,5.919,86.1,28,8.092,4.076,632.1,1.025,5.823,1.14,16.39,2.531,1.038,14.26,1.639,2.048,3.308,14.66,8.978,553.5,4.957,7.628,7.325,13.37,22.75,327,1
245,1.515,1.924,8.421,3.634,95.5,1.939,1.947,152,782.1,1.045,5.266,1.065,19.76,9.995,6.432,15.98,184,2.646,775,16.64,5.754,690.2,8.268,6.085,5.352,14.97,25.82,7.983,1
246,1.546,172,7.926,3.265,78.61,1.108,1.053,136,543.4,1.037,5.754,6.745,15.04,7.776,3.762,13.2,1.153,2.901,6.243,9.006,4.052,476.5,6.493,6.783,3.393,12.42,20.37,493,1
247,1.526,1.536,8.928,3.796,80.45,2.369,3.609,1.541,607.3,1.276,6.046,781,17.31,2.506,7.096,14.06,1.532,3.035,2.028,11.91,1.053,480.1,1.346,7.661,763,12.47,24.34,1.371,1
248,2.061,1.697,1.084,765,186.9,1.689,3.635,4.558,4254,1.357,5.623,1.306,26.27,4.256,2.598,36.04,2.547,2.641,6.833,542.2,2.625,2501,8.055,7.427,1.988,27.42,31.37,5.374,0
249,1.473,1.394,8.388,4.147,94.25,2.925,8.817,2.327,830.5,1.089,5.746,1.354,19.34,2.649,8.848,16.3,2.535,2.471,3.779,23.04,9.594,659.7,3.379,7.463,78,14.53,28.39,2.048,1
250,1.724,1.454,997,5.706,93.97,5.532,8.487,2.528,766.9,1.316,6.081,7.394,15.18,2.735,1.493,15.85,2.406,2.691,3.103,21.2,1.599,640.1,3.114,7.683,1.021,14.44,19.85,2.297,1
251,1.638,1.333,8.673,5.403,78.01,1.692,1.994,2.065,583.1,1.256,6.129,8.073,15.21,1.928,5.142,13.75,2.575,2.661,1.167,19.01,5.556,457.9,1.051,7.961,6.545,12.2,21.38,1.418,1
252,1.943,2.383,1.018,8.074,123.7,8.744,1.594,4.515,1603,139,6.132,1.931,21.97,3.463,1.834,22.66,8.191,3.007,3.912,103.9,1.708,1110,5.321,8.314,1.389,18.82,30.93,4.088,0
253,2.202,1.578,1.015,5.033,130.4,1.149,2.545,3.224,1589,1.275,6.113,1.199,25.12,3.861,1.043,22.63,4.953,3.305,5.673,63.33,1.732,1192,4.755,8.465,1.589,19.79,33.58,3.179,0
254,1.618,1.445,915,6.208,133.8,7.785,9.799,1.906,1780,1.327,5.557,9.168,21.78,2.376,1.461,24.31,5.781,2.609,2.702,72.44,1.765,1293,2.375,6.735,1.131,20.44,26.37,1.906,0
255,1.735,15,9.495,3.958,104.3,4.528,55,1.621,947.9,1.206,5.875,6.372,14.86,1.722,8.747,17.71,2.387,2.778,231,21.83,1.129,800,1.831,7.012,8.501,16.14,19.58,1.246,1
256,2.013,3.416,8.713,6.538,72.17,2.173,2.399,2.928,459.3,1.118,5.955,1.974,18.89,9.708,9.924,12.36,2.656,3.267,7.529,17.49,6.203,396,1.376,6.994,5.008,,26.14,1.395,1
257,1.628,1.724,8.671,4.973,84.88,3.275,2.987,1.343,629.6,1.072,5.781,1.597,28.06,1.381,9.117,14.37,2.351,2.473,1.062,17.85,7.958,538.4,1.498,6.443,6.877,13.21,37.17,1.372,1
258,2.016,1.844,8.801,6.543,68.79,1.404,3.614,269,489.5,1.303,5.977,1.621,21.98,1.696,1.045,12.76,3.077,2.965,1.927,20.2,7.485,359.9,2.991,7.662,5.743,10.8,32.04,2.148,1
259,193,2.837,8.293,1.093,56.74,2.381,4.721,4.174,302,1.015,6.621,1.2,15.49,1.248,1.506,9.981,5.381,2.434,9.441,30.18,4.762,241,3.214,7.431,7.698,8.878,17.7,2.899,1
260,1.652,1.639,9.462,5.231,84.08,2.098,3.738,5.701,576,1.142,7.238,6.412,14.23,1.975,7.315,13.72,1.814,2.432,145,14.41,585,514.3,3.113,1.009,9.965,12.99,16.91,2.305,1
261,1.724,2.451,1.133,9.087,133.8,1.259,2.133,4.005,1479,1.665,6.053,1.001,19.54,2.942,191,22.03,4.331,3.032,5.308,52.49,2.173,1250,5.546,8.075,1.489,20.18,25.07,2.715,0
262,2.132,237,9.874,6.471,121.1,8.795,1.335,3.755,1603,1.398,6.022,1.475,18.52,2.089,142,22.93,6.997,3.695,3.157,80.6,1.642,1075,2.806,8.579,1.053,18.46,27.68,1.649,0
263,2.251,1.998,1.323,8.824,91.56,9.176,1.558,4.506,1153,2.226,7.421,1.93,23.75,5.209,1.291,19.2,5.648,4.432,4.646,52.72,2.013,597.8,3.112,1.086,1.768,13.81,41.85,3.108,0
264,193,2.659,117,1.019,43.79,0,0,41,185.2,1.584,7.818,1.508,13.43,1.202,0,7.93,2.241,2.932,0,9.833,0,143.5,0,9.382,7.568,6.981,19.54,1.084,1
265,1.928,3.265,8.792,8.713,67.49,0,0,1.002,408.3,1.076,5.975,1.925,15.15,6.791,0,11.54,3.309,271,0,21.98,0,349.6,0,6.164,4.302,10.66,19.2,1.017,1
266,1.917,1.852,1.053,6.458,125.5,8.994,1.323,2.608,2145,1.624,5.961,1.193,18.57,3.511,1.538,26.14,7.275,3.537,3.879,102.5,2.091,1152,2.945,8.294,1.267,19.21,28.14,2.306,0
267,1.616,1.095,9.056,4.675,97.26,3.334,5.253,1.629,1030,1.389,5.684,8.339,22.02,2.057,9.222,18.1,3.105,2.675,2.712,29.91,153,712.8,1.603,7.873,7.081,15.1,31.69,103,0
268,172,1.295,8.947,4.117,117.5,6.254,109,2.436,1292,1.263,578,5.906,16.85,2.666,9.753,20.38,2.986,2.842,429,35.77,1.535,990,2.975,8.225,1.232,18.03,22.02,156,0
269,1.949,17,1.049,9.407,96.42,8.653,2.135,6.113,959.5,164,7.292,1.268,22.15,6.247,1.848,17.67,7.036,2.844,6.922,60.78,1.785,645.7,6.899,1.132,2.008,14.25,29.51,7.056,0
270,2.595,3.418,802,1.574,73.72,5.588,9.274,6.517,437.6,1.028,6.233,1.905,19.96,1.843,3.487,11.86,4.866,2.955,1.546,34.68,9.314,394.1,8.099,7.009,1.181,11.26,22.33,8.262,1
271,1.662,122,1.007,4.717,90.43,5.069,7.789,313,812.4,1.411,6.566,6.205,15.79,3.542,9.206,16.57,2.787,2.589,2.779,23.35,1.383,584.1,1.759,103,128,13.8,20.86,2.065,0
272,2.378,2.542,1.634,9.783,61.49,5.252,973,1.045,300.2,1.902,9.502,1.093,12.87,3.441,2.188,10.28,4.076,3.038,2.099,20.04,1.025,248.7,3.483,1.252,2.239,9.268,16.38,4.542,1
273,2.157,1.602,1.162,6.985,98.64,8.923,169,3.884,1095,1.878,6.768,9.489,16.67,448,1.271,18.81,4.266,3.585,4.704,41.18,2.027,682.5,3.011,1.065,1.649,14.87,27.37,2.563,0
274,1.533,1.616,8.871,5.517,75.51,1.393,2.669,2.922,546.3,128,6.057,8.652,18.94,188,6.747,13.3,2.222,2.535,1.471,17.12,6.913,428,2.045,7.993,69,11.84,24.99,1.727,1
275,2.303,1.857,1.139,5.607,96.73,7.364,1.639,5.466,943.2,1.678,7.077,1.033,27.54,6.577,109,17.46,0.37,4.218,7.026,32.55,1.712,658.8,4.741,1.341,1.595,14.54,37.13,424,0
276,172,1.386,9.172,4.854,79.19,2.272,3.372,2.304,611.1,1.176,5.914,1.025,16.52,1.843,7.965,14.11,2.505,2.618,1.703,19.68,866,470.9,1.826,7.609,6.829,12.31,23.21,1.819,1
277,1.815,2.027,1.024,9.606,60.34,2.076,2.956,2.968,314.9,1.324,6.905,9.768,12.44,1.148,1.421,10.23,2.773,245,8.867,15.7,6.227,273.9,1.985,7.773,6.492,9.504,15.66,1.432,1
278,2.235,4.499,9.463,1.088,92.87,6.462,1.115,4.768,811.3,1.559,6.433,1.845,23.81,4.059,1.627,16.86,4.207,4.724,3.744,31,1.772,610.7,3.688,1.026,1.306,14.19,34.85,371,0
279,0.18,1.938,9.996,5.682,65.75,1.968,1.923,2.371,394.5,1.343,6.569,5.477,12.22,165,6.929,11.38,1.911,2.937,8.615,11.88,6.696,321.6,8.496,7.722,7.542,10.26,15.65,1.365,1
280,1.421,1.442,7.517,4.942,85.89,1.117,1.271,1.684,680.6,1.108,5.763,1.15,28.21,1.457,5.179,14.69,1.689,2.694,7.934,14.91,5.781,562.1,7.508,7.061,4.726,13.46,35.63,1.203,1
281,1.554,1.029,9.684,5.467,138.1,1.155,1.572,2.205,2022,1.368,5.661,1.361,20.52,3.101,1.466,25.68,6.643,2.268,4.399,81.89,228,1384,3.185,7.425,1.175,21.1,32.07,2.075,0
282,2.164,1.689,117,7.026,108.1,1.028,1.722,4.142,1315,1.789,7.356,1.073,20.68,4.233,1.297,20.96,5.692,3.706,4.784,54.18,2.073,798.8,3.188,1.142,2.022,16.13,31.48,2.501,0
283,1.653,3.799,695,1.713,60.73,0,0,1.688,303.8,7.117,6.447,4.885,18.22,2.729,0,9.968,3.539,1.909,0,21.69,0,288.1,0,6.559,2.344,9.72,20.83,6.736,1
284,254,2.951,1.135,7.017,83.51,2.645,3.136,1.533,616.7,1.297,6.087,1.322,20.78,1.105,1.153,14.16,4.202,3.196,8.112,34.78,6.296,519.4,1.949,6.435,7.589,13,24.11,1.142,1
285,2.301,2.273,1.109,5.551,77.93,5.182,1.218,5.667,888.7,1.637,7.799,01.03,18.7,5.775,1.044,16.82,4.825,4.761,6.956,41,1.546,440.6,4.205,1.402,1.516,11.84,28.12,3.414,0
286,1.945,1.609,1.005,9.058,63.95,3.029,6.154,357,361.2,1.559,6.322,1.222,19.4,2.302,1.112,10.76,1.803,2.622,2.644,11.77,9.749,298.3,3.029,849,9.697,9.876,26.83,2.196,1
287,1.957,5.168,1.167,0.01,96.85,8.624,1.539,2.887,971.4,1.411,6.216,1.452,17.57,2.164,2.801,18.55,1.296,3.414,3.355,101.9,1.667,678.1,6.577,7.147,1.305,14.95,21.43,348,0
288,2.075,2.266,9.906,7.089,92.51,4.603,5.724,1.463,873.2,1.297,5.448,8.121,13.47,1.525,1.286,16.77,522,3.062,1.632,48.29,1.087,641.2,236,6.072,7.624,14.34,16.9,1.428,1
289,1.735,2.144,9.933,1.291,82.15,6.021,1.065,5.891,527.4,1.287,707,1.803,20.76,225,2.295,13.33,3.424,2.226,2.216,20.48,1.105,480.4,5.101,8.486,1.209,12.63,25.47,4.042,1
290,2.196,1.486,1.189,8.805,90.2,5.985,9.366,5.412,897,1.654,7.451,1.377,20.83,3.682,1.448,17.06,5.835,3.196,2.678,50.96,1.556,577.9,2.488,1.151,1.645,13.71,28.14,3.029,0
291,2.906,7.895,1.286,1.038,143.7,1.604,3.754,5.987,1623,1.639,8.142,1.885,23.97,6.164,2.593,23.37,9.317,544,7.681,116.4,2.508,1245,1.091,9.964,3.454,20.18,31.72,6.835,0
292,106,1.989,7.449,7.594,70.67,0,0,1.773,439.6,9.267,5.502,3.896,29.37,5.494,0,11.92,3.141,1.566,0,22.81,0,386,0,5.905,3.558,11.2,38.3,8.878,1
293,2.082,3.756,9.797,4.756,129.9,1.103,1.863,3.288,1540,1.218,5.715,2.284,21.68,3.458,1.806,22.75,6.226,4.045,4.734,67.66,2.255,1194,4.345,7.918,1.339,19.68,34.66,3.368,0
294,1.634,3.056,1.215,7.545,129.1,1.469,1.937,1.039,1298,1.392,7.224,2.91,26.29,2.817,1.843,20.33,519,2.311,2.432,67.1,1.841,1132,2.134,9.203,1.791,19.1,32.72,605,0
295,1.432,1.878,7.818,6.418,84.08,339,1.115,3.696,595.6,9.926,5.935,1.389,15.7,2.317,1.774,13.9,2.913,1.999,3.344,23.29,1.017,516.6,7.927,7.127,958,12.89,19.69,3.961,1
296,1.798,155,9.168,1.082,104.1,6.638,9.769,1.948,1223,0.15,5.391,1.016,19.65,2.045,1.809,19.77,7.474,265,2.829,79.25,152,817.7,35,6.387,8.424,16.07,24.56,2.203,0
297,2.372,1.717,8.142,1.072,66.82,1.111,1.993,4.492,366.3,9.794,5.768,2.542,18.32,6.542,1.111,10.94,1.818,2.699,3.986,13.12,2.222,340.9,1.993,6.736,4.462,10.57,23.31,1.331,1
298,2.069,225,1.096,615,130,1.279,1.974,4.571,1709,1.444,5.999,7.869,21.25,4.245,2.058,23.57,7.456,3.613,4.504,94.03,243,1203,3.832,8.758,1.599,19.69,25.53,4.006,0
299,1.635,1.103,6.576,3.169,91.22,1.374,2.475,1.957,819.7,9.445,5.586,669,18.17,2.167,5.243,16.22,0.23,2.636,1.565,20.56,753,633.1,1.079,7.676,522,14.26,25.26,1.377,1
300,1.718,1.748,9.934,5.293,83.19,2.315,3.889,2.848,622.1,1.289,5.997,1.095,18,2.141,8.179,14.24,2.655,2.779,1.731,20.35,7.926,506.3,2.071,7.918,9.546,12.86,24.82,1.661,1
301,1.668,2.728,1.082,8.902,69.5,2.867,8.448,761,410.4,1.335,6.862,1.489,20.39,255,1.745,11.69,3.198,2.605,2.534,20.74,86,344.9,7.339,8.701,1.289,10.71,25.21,4.785,1
302,185,2.514,1.002,5.251,87.02,5.102,8.705,4.198,639.3,1.349,731,9.223,22.54,4.402,8.304,14.55,1.931,4.128,3.162,15.09,1.126,529.4,2.526,1.076,1.483,13.11,29.16,3.041,1
303,2.036,175,8.481,5.954,61.64,2.292,8.422,4.031,353.6,1.233,7.125,9.429,16.84,3.416,851,10.75,1.844,2.982,4.341,12.07,812,280.5,5.028,9.825,9.228,9.606,23.07,3.471,1
304,2.094,1.897,9.383,6.804,129.7,8.691,1.272,4.045,2009,1.353,5.581,1.186,21.56,3.235,1.712,25.73,9.553,307,3.617,124.4,182,1230,3.446,8.255,1.306,19.8,28.64,3.169,0
305,1.459,194,7.896,7.337,80.98,1.835,1.402,118,586.8,1.068,5.544,8.836,17.67,9.605,5.623,13.82,2.954,2.165,3.469,23.24,3.612,501.3,5.383,6.025,4.522,12.72,20.96,1.174,1
306,1.274,1.951,7.969,5.515,59.75,5.128,3.735,4.583,301,1.086,6.724,1.182,21.68,1.887,5.128,9.965,1.186,2.376,1.868,6.802,2.564,268.8,3.735,9.206,6.053,9.397,27.99,2.674,1
307,1.646,1.921,8.108,4.405,78.78,2.534,6.839,4.622,529.9,1.026,6.154,8.309,14.09,2.431,1.087,13.13,2.666,2.677,3.076,19.96,914,462,4.344,8.824,7.823,12.21,19.29,3.026,1
308,177,214,7.371,553,117.4,5.778,1.103,5.036,1228,8.822,534,1.305,21.84,1.963,1.444,19.76,6.362,2.369,2.535,76.36,9.181,1024,611,6.558,8.642,18.08,24.7,5.296,0
309,1.925,2.161,9.816,7.364,67.49,2.218,6.335,483,440.4,1.327,6.915,1.127,14.98,2.996,1.264,12.13,3.276,302,2.939,20.77,931,333.6,5.263,9.646,1.013,10.48,21.57,3.867,1
310,1.927,2.434,1.049,8.577,72.76,2.594,4.302,1.217,478.6,1.483,6.211,01.01,18.61,1.574,1.107,12.47,243,306,1.624,18.19,8.542,391.2,2.099,6.783,8.499,11.34,23.03,1.641,1
311,1.771,158,1.164,1.127,73,4.796,4.635,3.442,434,1.367,6.072,1.343,13.39,1.822,1.965,11.92,3.384,2.102,8.669,26.33,8.611,384.8,2.187,6.784,1.136,11.28,15.77,3.498,1
312,1.893,2.091,8.865,6.123,109.3,6.576,8.422,3.493,1260,1.168,5.534,1.391,18.8,2.119,1.604,20.05,599,281,2.318,67.34,1.474,886.3,2.626,7.228,9.182,16.78,26.3,247,0
313,169,3.102,7.274,5.541,71.24,1.471,4.505,4.831,453.5,8.864,6.083,8.092,14.07,1.256,1.471,12.12,4.222,2.576,1.201,28.84,3.922,384.6,4.505,7.018,6.064,11.14,15.82,3.387,1
314,1.619,1.322,9.687,9.501,70.79,2.788,5.263,3.534,407.5,1.428,6.408,1.583,17.62,251,1.346,11.62,1.507,2.289,2.123,10.09,9.861,365.6,4.401,8.278,9.752,10.96,26.51,3.378,1
315,1.573,1.344,7.948,3.741,86.24,1.238,1.997,1.126,739.1,105,552,1.166,17.84,7.622,5.044,15.5,258,2.335,106,22.22,5.185,572.3,1.065,6.263,4.052,13.59,26.1,5.274,1
316,1.886,1.848,1.088,5.884,75.46,4.497,7.097,1.982,475.7,1.415,632,7.339,16.02,217,1.304,12.64,2.456,2.787,2.302,15.89,1.105,408.2,2.631,7.427,1.168,11.61,19.67,2.005,1
317,1.609,1.465,9.488,5.872,88.05,4.489,8.625,2.355,906.5,1.265,5.871,1.29,24.98,1.943,9.921,16.99,4.565,2.651,3.169,43.14,1.184,582.7,2.647,7.397,8.511,13.61,35.27,1.488,0
318,1.935,3.194,7.474,6.122,74.23,1.313,1.974,2.211,476.5,9.545,5.878,1.786,24.49,1.361,6.998,12.44,2.512,3.244,7.239,18.21,4.815,417.2,1.596,6.745,5.688,11.6,31.62,2.337,1
319,1.593,1.843,903,1.205,65.67,2.738,5.999,4.938,357.6,1.384,6.127,2.239,27.61,171,1.721,10.84,2.199,2.226,0.2,14.46,9.127,321.4,4.804,8.283,7.658,10.29,34.91,2.736,1
320,2.128,2.137,1.048,4.625,103.4,9.429,255,6.142,915,1.417,7.152,1.205,30.62,7.917,1.608,17.52,2.602,4.089,1.17,22.65,2.356,716.9,7.359,1.409,2.087,15.22,42.79,4.844,0
321,1.936,2.349,8.814,6.064,74.33,1.148,1.583,1.661,483.1,1.223,6.128,1.43,19.11,1.087,7.638,12.61,1.601,3.487,7.915,11.28,5.741,418.7,1.042,6.958,5.253,11.7,26.55,911,1
322,2.166,2.816,9.156,4.938,134.7,1.015,1.523,2.719,1645,1.097,5.419,1.736,20.67,2.534,1.699,23.23,8.336,322,3.092,100.4,1.613,1299,4.093,6.386,1.313,20.47,27.15,3.089,0
323,1.928,2.193,802,4.536,131.1,7.726,1.155,1.589,1657,1.054,5.096,6.863,19.66,1.537,1.247,23.06,5.925,3.055,2.606,74.85,1.425,1274,2.645,5.933,8.564,20.16,23.03,1.376,0
324,201,2.593,9.425,5.518,82.38,1.615,39,2.157,597.5,1.256,5.769,1.219,16.21,1.808,633,13.9,2.345,3.604,1.992,18.24,578,512.2,2.589,7.062,6.219,12.87,23.64,2.178,1
325,1.601,1.341,8.858,5.391,72.49,21,2.783,1.659,521.3,1.453,5.913,1.555,17.57,1.622,5.872,13.05,1.916,2.973,1.811,13.66,8.698,399.8,1.163,7.745,5.313,11.36,36.32,9.947,1
326,1.822,2.769,9.384,8.584,85.31,3.483,9.293,3.479,677.3,1.478,6.207,7.927,15.34,2.256,9.536,14.77,271,3.849,3.009,22.79,9.722,538.9,3.047,8.633,8.498,13.15,20.5,2.017,1
327,1.931,1.397,1.092,624,101.7,8.087,1.466,2.461,1156,1.546,5.796,7.859,19.48,2.394,1.093,19.26,4.743,2.837,3.791,48.31,1.514,748.9,2.813,8.019,1.223,15.46,26,1.484,0
328,2.131,1.177,1.141,5.532,113.4,109,191,2.336,1189,1.703,6.325,679,19.08,3.934,1.384,19.59,2.959,3.109,5.018,31.98,2.543,895,3.055,9.061,1.572,17.05,24.89,2.008,0
329,1.872,1.943,8.302,423,87.84,2.031,2.556,2.177,670.6,1.105,5.669,5.066,16.07,2.096,6.335,14.84,1.705,3.323,1.346,14,6.987,579.1,1.169,7.701,6.374,13.69,20.21,1.587,1
330,1.508,1.536,6.429,3.492,90.3,625,725,1.381,684.6,8.567,5.376,7.198,16.82,5.036,3.608,14.91,1.302,2.458,3.866,10.77,3.333,632.6,4.826,612,2.675,,20.65,371,1
331,1.649,1.708,115,8.261,55.84,1.924,4.132,3.806,284.4,1.724,7.633,5.864,15.83,2.364,104,9.628,1.665,2.926,2.456,8.966,105,230.9,3.259,1.017,8.201,8.726,19.62,2.213,1
332,1.964,256,,468,65.05,1.071,5.774,4.613,403.7,9.527,6.315,1.922,17.48,1.397,1.071,11.48,3.567,2.868,1.925,22.79,3.571,321.2,5.774,7.809,5.907,10.2,24.47,312,1
333,1.791,2.572,1.003,1.291,64.73,1.116,5.025,2.278,347.3,1.265,6.331,02.09,19.59,0.12,7.082,10.65,2.441,2.262,1.005,16.8,2.232,311.7,4.174,6.742,7.504,10.16,22.88,2.222,1
334,2.082,3.232,9.514,7.234,82.85,4.846,1.544,9.627,580.6,1.175,7.325,1.207,16.41,4.061,2.721,13.78,3.921,3.231,4.896,30.19,1.342,476.7,1.114,1.034,1.511,12.45,21.03,7.471,1
335,1.685,2.085,8.974,4.868,94.57,2.957,3.102,2.893,803.7,1.115,5.866,1.111,24.02,1.766,8.606,16.11,3.721,2.522,9.189,33.76,6.946,662.7,1.121,7.246,8.606,14.62,29.11,1.818,1
336,1.765,3.176,909,8.124,134.7,9.561,164,2.365,1656,1.178,5.024,1.48,22.14,292,2.765,23.24,8.601,2.909,3.861,111.7,192,1290,5.489,5.865,1.348,20.58,27.84,3.611,0
337,1.788,1.502,1.053,6.513,66.62,1.216,6.643,2.821,395.4,1.341,645,9.027,15.46,1.153,4.972,11.52,1.913,2.615,2.639,11.86,4.464,329.6,2.817,8.269,7.722,10.44,19.8,8.061,1
338,1.664,2.087,9.246,5.868,87.19,2.443,2.974,2.583,729.8,1.216,5.801,1.336,23.23,1.517,9.064,15.35,346,2.642,1.049,31.24,7.174,573.2,2.021,6.953,6.747,13.62,29.09,2.099,1
339,1.909,159,9.509,6.428,153.5,1.237,195,3.053,2944,1.481,6.309,9.635,26.97,4.126,1.716,31.01,1.058,3.103,582,155.8,2.593,1670,4.497,8.677,1.682,23.21,34.51,2.863,0
340,1.806,1.315,1.059,5.442,88.1,5.381,858,2.464,675.2,1.428,6.079,1.332,18.89,257,1.367,14.8,2.136,2.666,3.438,19.29,1.453,558.1,3.304,7.686,1.147,13.51,27.2,1.957,1
341,1.424,1.544,8.743,5.638,88.52,2.088,1.502,2.087,694.4,1.153,5.883,1.363,16.21,1.008,6.042,15.11,2.543,2.362,5.285,20.74,5.556,593.7,5.254,7.113,5.492,13.87,25.58,7.939,1
342,1.671,2.216,7.561,6.583,73.7,1.162,8.306,2.668,542.5,9.958,5.731,6.724,17.07,,6.296,13.28,3.534,2.731,3.046,26.03,4.262,421,5.949,6.825,363,11.66,19.74,6.991,1
343,1.695,3.464,1.015,1.017,66.85,1.875,2.495,1.971,362.7,1.143,6.556,1.143,23.09,8.614,125,10.93,2.868,2.227,4.158,20.56,3.125,334.2,1.861,6.777,6.797,10.51,24.22,1.443,1
344,2.222,2.309,9.405,1.243,53.27,2.168,1.321,1.178,249.8,163,8.261,1.962,20.7,431,1.022,9.092,1.935,3.322,5.381,10.21,7.879,203.9,7.753,1.486,1.305,8.219,29.72,5.416,1
345,1.467,1.594,8.331,8.109,112.4,5.736,1.204,3.739,1284,1.436,5.407,1.679,25.42,4.122,1.742,20.38,0.51,0.25,5.036,58.38,1.739,928.8,4.942,7.944,1.109,17.27,35.46,4.308,0
346,165,1.291,7.937,4.394,85.48,1.473,2.181,2.074,663.5,1.213,5.701,6.124,16.95,1.676,5.484,14.73,1.584,2.741,1.364,13.22,6.987,552.4,1.451,7.582,5.696,13.4,21.7,125,1
347,1.799,2.475,9.357,9.861,74.87,2.017,716,2.128,527.8,1.406,6.166,2.426,29.29,2.031,9.215,13.12,3.135,2.884,2.923,23.13,6.835,415.1,4.275,722,8.574,11.63,38.81,2.418,1
348,1.533,2.639,876,9.853,81.92,4.391,103,4.205,547.4,1.096,6.184,1.478,19.07,2.002,1.966,13.37,3.602,2.121,2.388,27.49,9.265,485.8,6.271,7.188,1.038,12.56,22.43,4.235,1
349,2.538,31,1.075,1.307,61.93,1.967,8.934,4.225,380.9,1.398,7.029,1.747,19.12,1.352,1.052,11.21,6.965,3.196,2.085,43.52,4.589,289.7,6.021,8.009,8.333,9.742,23.17,1.885,1
350,2.009,1.953,115,9.536,75.03,325,4.006,31,516.4,146,6.506,7.395,15.45,1.115,1.121,13.06,3.446,2.765,1.087,24.53,7.864,420.3,1.651,7.806,7.281,11.71,18.16,1.097,1
351,1.723,1.354,1.075,4.413,87.44,3.152,4.201,1.787,719.8,1.624,6.317,6.068,18.75,3.124,7.369,15.35,1.998,3.518,2.654,16.07,1.427,551.1,1.509,8.665,1.138,13.46,25.16,1.443,1
352,1.547,1.013,784,2.826,100,2.847,4.209,1.345,988.6,1.084,5.443,9.988,19.38,1.807,5.174,17.91,2.298,2.683,226,22.18,8.568,758.6,1.311,6.829,5.616,15.61,31.67,9.105,0
353,2.091,9.947,1.063,5.345,103.7,8.399,1.751,3.359,1035,1.883,665,1.278,33.56,5.564,1.022,18.49,2.419,3.512,5.703,23.02,2.014,744.9,2.889,1.204,1.639,15.53,49.54,2.556,0
354,2.127,1.948,1.046,4.578,137.8,1.322,2.085,2.689,1809,1.268,6.251,9.901,20.86,3.135,1.421,24.3,6.986,3.077,4.433,87.78,2.148,1308,4.005,7.569,1.739,20.55,25.48,2.616,0
355,1.991,1.879,103,4.989,165.5,1.471,231,476,2642,1.342,6.739,9.004,21.6,4.188,1.597,29.92,9.915,3.157,4.658,139.9,2.475,1841,3.571,9.671,2.106,24.63,26.93,3.212,0
356,2.188,1.617,9.073,8.499,70.15,5.941,228,122,351.9,1.143,845,1.231,20.22,3.619,2.919,10.85,1.115,2.597,603,7.228,1.465,338.3,1.535,0.12,166,10.57,22.82,7.643,1
357,2.205,2.401,1.007,5.283,138.9,131,2.712,5.002,2010,1.211,5.898,8.208,23.56,3.172,1.864,25.58,1.004,3.126,6.991,137.9,2.105,1364,9.518,7.849,1.606,20.94,27,3.908,0
358,2.096,1.495,1.155,8.699,105.7,9.479,2.133,5.984,1272,1.855,7.331,1.072,22.91,4.925,139,20.19,552,3.274,7.356,58.63,2.034,782.6,595,1.252,1.752,15.78,30.5,3.976,0
359,1.885,2.028,9.823,5.878,93.63,5.598,1.319,4.022,799.6,1.446,6.125,1.019,21.72,4.238,1.161,15.89,286,3.591,5.186,24.91,1.447,633,4.815,1.014,1.098,14.25,30.36,2.995,0
360,1.663,1.641,1.032,119,127.7,9.063,1.655,1.807,1421,1.528,5.391,1.375,25,1.845,1.499,21.44,4.674,2.293,3.977,56.18,1.466,1191,4.907,6.091,9.871,19.59,30.96,1.929,0
361,1.539,1.939,8.313,7.881,77.88,8.535,7.756,2.222,544.3,1.222,5.945,1.532,19.02,9.052,6.522,13.35,184,2.554,3.619,13.24,3.983,464.4,7.004,7.207,4.202,12.3,28.46,8.432,1
362,1.813,1.316,6.828,3.308,88.97,1.339,2.224,2.095,718.9,9.384,5.536,5.762,16.62,2.006,4.832,15.14,1.555,2.679,1.384,14.03,6.222,599.4,9.904,7.698,5.319,13.9,21.8,1.315,1
363,159,1.465,9.311,5.528,76.84,1.963,1.972,253,532.8,1.275,5.907,7.285,12.74,1.232,6.273,13.14,1.822,2.514,8.636,13.25,7.025,448.6,8.342,7.898,5.241,12.06,18.41,9.789,1
364,1.692,3.759,924,1.094,59.01,1.282,3.996,4.623,295.8,1.103,6.576,1.879,21.94,8.298,1.282,9.845,3.013,2.435,7.993,17.86,2.564,264,3.996,7.393,5.605,9.333,25.05,1.834,1
365,2.419,3.003,1.184,6.399,122.8,1.471,3.001,6.193,2019,1.622,7.871,9.053,10.38,6.656,1.587,25.38,1.095,4.601,7.119,153.4,2.654,1001,5.373,1.189,2.776,17.99,17.33,4.904,0
366,1.895,1.357,1.227,8.064,71.9,5.669,1.044,304,514,1.909,687,1.428,21.35,2.698,1.037,12.84,2.366,2.964,4.023,16.97,1.424,371.1,2.595,9.606,1.218,10.95,35.34,1.764,0
367,1.998,1.703,104,4.185,107,7.752,1.354,3.817,1261,1.446,6.515,6.857,17.88,5.804,9.067,20.21,334,427,5.274,35.03,1.864,807.2,2.664,1.233,1.559,16.13,27.26,2.868,0
368,1.713,2.086,7.335,7.802,84.06,1.256,18,2.701,648.3,1.118,5.888,1.473,20.54,1.646,5.564,14.5,3.237,2.687,7.698,26.07,4.195,538.7,1.341,7.429,5.275,13.16,28.46,2.052,1
369,187,2.882,8.098,1.266,47.98,0,0,6.872,,1.256,7.285,1.462,25.49,834,0,9.077,3.777,3.058,0,19.14,0,178.8,0,9.938,4.878,7.729,30.92,9.692,1
370,2.111,4.197,1.066,9.549,58.79,4.375,313,9.559,324.7,1.482,8.046,1.194,17.33,4.365,3.322,10.31,3.274,4.228,1.252,17.67,175,250.5,3.038,1.175,1.413,9.029,22.65,8.606,1
371,1.869,4.022,1.165,1.056,107.5,7.981,1.799,6.187,975.2,1.426,6.532,1.457,21.88,2.116,1.186,17.73,5.706,2.736,3.344,57.72,1.047,826.8,5.839,7.953,1.283,16.26,25.21,3.756,0
372,1.528,146,8.206,4.029,102.7,3.323,3.299,3.042,1150,1.181,5.697,1.187,23.24,1.551,7.591,19.19,3.795,2.948,1.459,40.51,9.975,797.8,1.101,8.452,6.669,16.02,33.88,9.269,0
373,1.726,1.114,111,103,142,1.389,2.439,4.239,2027,141,5.623,1.256,22.39,2.113,2.454,25.45,1.176,206,4.107,158.7,2.216,1479,5.198,7.115,1.159,21.56,26.4,2.891,0
374,1.752,1.898,978,5.769,131.2,9.791,144,2.498,1731,1.166,5.533,2.463,28.25,1.922,1.678,23.69,7.655,2.572,3.215,99.04,1.628,1261,395,6.637,1.034,20.13,38.25,2.423,0
375,1.561,1.152,9.215,4.952,97.26,4.335,7.486,1.718,967,1.246,5.915,1.198,19.07,2.101,9.423,17.58,386,2.282,2.866,38.49,112,701.9,2.967,6.954,8.597,15.05,28.06,163,0
376,1.467,1.341,8.355,7.959,132.5,6.022,9.042,3.933,1750,1.228,5.177,1.041,21.46,2.311,1.671,24.22,6.874,2.238,3.158,83.5,1.445,1306,4.257,7.127,8.348,20.48,26.17,3.133,0
377,1.667,2.025,808,5.996,78.83,1.654,3.844,1.725,546.7,1.096,5.474,8.355,15.9,165,6.433,13.35,2.382,2.482,1.423,18.32,4.815,463.7,2.117,6.306,7.253,12.3,19.59,2.212,1
378,1.885,156,9.434,7.086,65.31,5.495,1.012,2.606,384.9,1.285,6.201,967,16.35,8.842,5.495,11.25,2.104,2.681,4.384,12.97,2.381,324.9,1.012,7.399,4.994,10.32,21.77,7.247,1
379,2.149,2.057,1.099,6.399,143,1.474,3.174,6.213,1819,1.407,6.879,1.026,25.09,4.186,2.624,24.29,9.622,2.929,6.599,118.8,2.542,1347,7.845,9.873,2.236,20.92,29.41,431,0
380,2.398,1.884,1.335,1.015,103.2,1.242,2.448,866,928.8,1.765,7.596,1.059,17.27,4.503,2.127,17.73,6.592,3.258,4.429,59.46,2.229,713.3,4.983,1.191,2.284,15.32,22.66,4.588,0
381,1.619,1.575,9.968,5.596,75,3.515,2.685,2.758,553.6,1.137,6.287,2.105,18.14,7.974,1.432,13.36,645,1.978,612,49.11,716,431.1,1.272,6.915,5.914,11.76,23.39,1.005,0
382,1.943,1.878,1.034,9.098,81.15,4.562,1.085,5.672,768.9,1.785,6.937,1.809,26.86,4.706,1.321,15.65,4.053,3.215,4.425,34.44,1.459,477.4,3.763,1.205,1.353,12.34,39.34,3.845,0
383,1.992,1.414,1.036,7.231,117.8,8.824,1.201,3.336,1349,1.482,6.069,8.733,20.66,3.735,148,21.08,4.537,306,3.301,49.81,1.974,991.7,2.509,8.503,1.304,17.99,25.41,2.772,0
384,1.634,1.755,9.076,9.191,73.02,2.322,2.587,3.009,475.8,1.531,6.372,7.615,16.03,112,6.315,12.51,1.707,2.851,9.823,12.25,6.548,402.7,94,8.763,5.886,11.47,20.79,8.548,1
385,2.041,1.499,9.947,6.965,102.1,9.711,2.733,5.784,832.7,1.419,6.898,8.749,22.53,709,2.234,16.35,253,2.866,9.019,24.19,2.475,685,7.926,1.155,2.225,14.9,27.57,6.213,0
386,1.565,7.882,9.387,6.883,95.54,2.899,2.398,1.754,698.8,9.387,5.504,2.188,25.2,5.131,1.917,14.99,1.214,1.565,2.398,106,2.899,698.8,1.818,5.504,5.131,14.99,25.2,1.094,0
387,1.855,1.498,1.039,925,100.3,8.815,0.17,352,1025,1.551,6.284,9.644,19.83,4.203,1.851,18.23,4.768,2.834,5.203,47.14,2.115,705.6,4.867,8.234,1.553,15.06,24.23,3.715,0
388,2.597,5.963,1.425,911,77.58,1.052,2.414,9.208,567.7,2.098,9.744,1.156,20.38,8.663,1.867,14.91,4.956,6.638,6.869,27.23,2.575,386.1,5.661,173,2.839,11.42,26.5,7.458,0
389,2.018,2.108,1.237,6.635,73.16,555,79,3.721,476.1,161,6.914,9.858,12.96,2.429,1.164,12.84,2.562,3.343,2.247,16.04,1.318,386.3,2.101,9.215,1.111,11.27,20.53,1.777,1
390,1.602,1.251,8.477,3.457,79.01,1.921,2.643,1.356,544.1,1.184,6.066,8.944,18.54,1.963,5.558,13.29,1.199,2.983,1.937,9.227,8.442,466.7,1.167,7.185,6.815,12.36,27.49,1.047,1
391,1.697,2.571,8.393,6.383,79.83,2.924,186,2.015,564.1,1.038,5.855,1.35,18.4,6.624,2.924,13.5,2.719,2.505,5.579,22.45,8.772,489,186,6.431,4.216,12.58,23.08,8.008,1
392,1.619,1.347,8.791,5.768,84.1,2.068,2.772,1.828,632.9,1.289,5.584,1.35,25.25,1.063,6.451,14.35,2.084,2.444,139,17.58,6.005,537.9,151,6.788,5.205,13.21,34.23,8.082,1
393,1.942,2.134,1.078,6.794,86.49,6.987,1.169,4.603,614.9,1.536,6.902,1.016,15.86,4.791,1.383,15.53,286,3.527,4.858,12.96,1.708,520,398,1.016,1.535,13.34,23.19,3.575,1
394,1.614,1.247,8.785,4.599,88.44,1.141,142,1.708,725.9,1.157,589,8.561,17.21,135,4.814,15.49,2.185,2.364,8.115,17.91,5.104,588.7,9.127,7.182,6.136,13.85,23.58,9.169,1
395,2.031,1.868,8.546,7.278,74.2,1.428,5.485,3.339,520.5,1.249,6.267,1.44,19.04,1.937,8.799,13.07,2.864,3.035,256,20.3,6.664,409.7,4.447,8.284,7.722,11.57,26.98,2.047,1
396,2.123,168,1.088,6.983,85.26,6.861,1.695,5.617,706,1.777,7.254,1.069,22.33,5.343,1.499,15.2,3.061,3.407,6.282,25.13,1.977,503.2,4.683,1.243,1.799,12.83,30.15,3.858,0
397,1.167,2.165,9.059,7.356,73.53,2.361,6.181,4.784,467.2,1.121,6.217,1.108,14.92,161,1.712,12.37,3.344,1.811,1.648,22.77,6.296,402,5.915,7.427,8.155,11.41,17.7,3.728,1
398,1.505,2.201,9.342,5.753,152.1,1.003,1.676,2.897,2782,1.199,5.484,7.452,19.83,3.625,2.156,30.79,1.291,2.908,3.794,180.2,2.264,1682,3.976,7.277,1.275,23.09,23.87,3.356,0
399,1.823,1.717,1.089,5.288,128.1,1.194,2.256,3.211,1740,1.514,6.115,1.408,18.82,3.725,1.176,23.96,5.659,3.266,5.936,67.74,206,1167,4.256,9.009,1.448,19.44,30.39,2.833,0
400,1.594,1.523,8.876,5.472,98.78,4.079,755,2.881,989.5,1.491,5.986,3.621,16.68,3.331,826,17.77,2.711,3.415,3.327,26.44,1.252,716.6,2.039,974,9.588,15.12,20.24,1.919,0
401,1.854,2.047,8.752,7.517,76.85,2.377,2.367,3.883,567.6,1.041,5.698,2.643,28.14,9.726,1.183,13.6,6.061,2.404,5.524,44.96,5.547,449.9,1.465,6.639,0.06,12.04,33.33,1.555,1
402,1.635,203,7.956,5.436,87.16,2.142,4.072,3.009,661.5,1.005,5.859,1.916,21.84,173,9.919,14.8,338,2.446,1.453,26.76,6.189,561,3.099,7.024,8.259,13.59,30.04,2.406,1
403,1.802,1.057,1.037,5.089,130.5,9.431,1.411,3.391,1646,1.417,6.188,8.737,20.26,3.309,1.178,23.73,5.079,2.549,4.185,59.7,1.613,1214,3.052,9.136,131,19.89,25.23,2.303,0
404,1.809,1.641,8.752,4.455,86.91,3.384,4.751,1.956,698.8,1.162,5.718,1.353,22.3,1.711,1.184,15.15,2.338,2.871,2.282,20.2,1.282,561,2.095,6.917,7.698,13.49,31.82,1.382,1
405,1.853,2.152,1.128,8.998,75.49,3.132,4.279,3.213,549.8,1.526,6.401,1.154,16.17,1.477,1.167,13.32,3.713,2.804,149,27.57,9.815,420.5,1.851,8.024,9.263,11.68,21.59,1.292,1
406,1.637,1.487,8.511,42,71.3,5.664,5.067,2.295,435.9,1.108,6.343,1.083,19.83,7.723,4.065,11.93,1.344,2.557,2.533,9.332,2.832,388.1,3.846,7.613,4.413,11.26,26.43,59,1
407,1.953,19,1.172,6.703,97.4,9.029,1.267,3.224,925.1,1.648,6.654,1.281,23.94,3.416,1.184,17.31,3.577,3.321,3.024,35.24,1.614,668.3,2.315,8.911,1.479,14.78,33.39,231,0
408,1.544,1.608,8.192,5.096,78.18,1.261,1.714,2.399,622.9,1.256,5.976,1.139,22.44,1.804,4.551,14.17,2.239,0.31,123,18.04,6.335,466.5,941,8.203,52,12.25,31.99,1.205,1
409,1.516,2.183,8.139,9.282,71.8,223,3.709,2.146,466.7,129,5.667,9.429,19.04,9.148,8.965,12.33,2.727,0.24,1.444,18.15,6.961,394.1,2.063,6.641,4.701,11.31,23.84,9.216,1
410,1.953,2.168,9.116,7.548,122.9,609,106,4.445,1873,1.498,6.083,1.53,21.43,4.827,1.816,24.54,6.422,3.679,4.634,88.25,2.048,1092,3.914,987,1.402,18.77,34.37,3.897,0
411,1.633,3.675,9.882,1.736,66.2,2.037,3.581,6.758,357.1,136,7.005,2.509,14.71,1.636,1.296,10.88,338,2.434,7.162,19.33,4.074,321.6,2.611,8.488,9.159,10.26,19.48,4.671,1
412,1.962,1.842,1.051,5.851,88.59,4.451,786,2.918,686.6,1.376,6.303,4.981,13.9,2.698,836,14.98,2.569,3.065,2.577,21.03,909,561.3,2.544,8.177,1.192,13.56,17.13,2.314,1
413,1.782,1.467,9.491,5.839,105.8,7.041,1.204,3.121,1070,1.435,5.976,7.476,15.51,4.478,1.459,18.76,3.371,3.019,4.956,33.27,1.981,793.2,3.715,9.124,1.371,16.03,21.98,3.245,0
414,1.776,2.348,1.033,7.416,71.49,3.341,5.397,2.917,440,1.418,6.907,8.225,14.96,221,101,11.92,1.601,3.301,2.299,10.8,1.075,373.9,2.758,908,9.097,11.06,19.9,1.877,1
415,1.737,2.545,1.044,8.081,100.4,8.878,1.697,4.312,784.7,1.316,6.672,9.622,23.21,4.648,1.883,16.08,2.796,0.3,4.589,25.2,1.727,671.4,5.551,8.701,198,14.86,27.78,5.122,0
416,1.337,1.619,6.955,4.731,81.89,1.171,226,2.081,577,9.616,5.581,469,13.12,1.147,5.905,13.62,1.532,2.309,1.186,12.68,5.366,515.9,1.652,6.915,3.729,12.89,15.54,1.345,1
417,2.248,2.102,1.197,8.268,112.8,1.203,2.417,3.854,1344,1.634,6.382,1.398,23.98,3.559,1.112,20.88,6.009,353,5.588,67.78,1.847,899.3,5.042,8.482,1.496,17.02,32.09,3.082,0
418,1.487,1.962,7.215,6.261,84.13,1.105,4.336,225,602,1.101,5.635,1.601,17.43,1.508,5.383,13.94,163,2.767,2.298,13.56,497,541.6,3.079,7.198,4.524,13.2,27.82,1.569,1
419,1.741,3.156,8.694,9.406,126.3,9.667,1.193,3.362,1495,1.124,5.176,6.336,15.94,2.016,2.794,22.03,1,2.443,2.264,119.3,1.777,1157,4.344,6.251,1.185,19.19,17.81,3.055,0
420,1.697,2.293,944,1.075,122.1,7.731,149,4.217,1403,1.338,5.699,1.849,20.25,2.117,1.911,21.31,8.529,2.341,3.446,93.54,149,1094,5.081,7.421,1.066,18.61,27.26,2.722,0
421,2.116,2.897,1.001,7.997,118.4,7.762,117,3.996,1426,1.309,6.077,1.288,20.56,2.327,1.648,21.53,7.548,3.251,2.544,89.74,1.489,1007,3.737,7.625,1.289,18.01,26.06,27,0
422,1.788,2.701,7.005,7.389,56.36,3.472,3.681,2.153,285.5,9.861,6.833,1.305,14.4,5.232,3.472,9.699,1.746,2.991,1.472,9.789,1.389,246.3,3.681,7.804,3.116,9,20.07,4.883,1
423,1.812,1.389,8.474,5.225,132.9,7.017,869,3.532,1956,1.238,5.667,7.339,17.77,1.866,134,24.99,5.435,275,2.416,74.08,186,1326,186,8.902,7.864,20.57,23.41,1.308,0
424,1.881,1.391,8.371,4.119,97.45,378,6.505,3.204,808.2,1.136,5.907,4.966,15.51,3.627,1.155,16.41,2.318,2.954,3.402,19.88,1.379,684.5,3.644,8.362,1.096,15,19.31,3.207,1
425,1.399,1.671,7.793,6.547,68.26,7.875,2.251,236,441.2,1.076,5.688,1.239,14.97,1.223,5.612,11.95,2.525,0.23,9.755,17.74,3.413,355.3,2.018,6.769,5.139,10.75,20.72,1.781,1
426,1.824,1.518,1.063,3.978,147.2,1.501,2.448,3.796,2227,1.294,614,6.999,21.9,3.885,1.471,27.66,1.008,2.741,4.756,130.2,2.432,1482,3.576,8.574,1.954,22.01,25.8,2.821,0
427,1.833,2.032,8.597,4.124,73.73,8.907,1.367,1.952,467.8,1.092,61,3.602,10.72,1.626,4.667,12.34,1.312,339,8.324,9.438,4.715,409.1,1.003,7.434,5.969,11.54,12.87,134,1
428,2.275,2.434,1.162,968,92.33,6.759,1.357,6.995,788,1.794,7.237,1.528,24.49,3.966,1.616,16.01,4.751,3.651,3.381,39.05,1.521,595.9,3.476,1.183,1.681,13.82,32.94,3.856,0
429,1.976,2.466,8.192,8.263,68.89,816,1.548,2.977,505.6,,6.328,1.918,24.21,1.633,5.917,13.03,5.196,3.059,6.194,33,3.264,361.6,1.277,7.626,6.602,10.82,31.45,187,1
430,2.027,1.686,112,4.057,130.7,1.286,2.508,3.318,2232,1.438,6.082,1.048,18.15,3.846,1.303,26.73,7.364,3.643,681,97.07,2.247,1214,4.029,9.223,1.666,19.59,26.39,2.277,0
431,216,1.535,1.008,4.877,106.2,5.613,1.043,2.373,1175,1.395,5.891,1.265,21.54,3.055,9.231,19.47,4.332,348,2.992,43.68,1.312,809.8,2.219,7.619,1.284,16.16,31.68,1.952,0
432,1.956,2.335,1.149,6.369,174.2,1.913,3.368,3.385,3234,153,6.121,8.509,17.46,5.937,1.508,33.13,9.948,369,6.451,153.1,2.756,2010,4.266,8.815,2.363,25.73,23.58,4.243,0
433,1.776,1.365,1.035,4.649,126.5,8.591,1.379,255,1972,1.497,5.647,6.342,19.33,3.161,1.267,25.7,5.959,3.379,4.317,71,1.999,1169,2.749,895,1.188,19.45,24.57,18,0
434,1.737,3.476,107,1.604,66.72,307,4.831,356,402.8,1.515,644,2.612,19.86,1.026,1.133,11.48,3.719,2.883,1.181,23.22,6.736,337.7,1.865,7.748,5.971,10.48,29.46,1.386,1
435,1.592,2.154,9.198,4.348,88.06,1.917,1.063,1.802,661.1,117,5.912,6.946,13.27,1.072,6.829,14.67,2.191,2.823,3.732,17.74,5.802,582.7,4.272,6.794,6.221,13.77,16.93,8.153,1
436,1.582,1.356,9.831,6.494,130,9.498,1.479,1.997,2398,1.512,5.395,1.017,22.15,315,1.521,27.32,7.582,2.768,5.372,112.4,2.388,1260,3.391,7.615,1.027,19.81,30.88,1.893,0
437,1.598,152,9.048,6.003,85.84,3.438,5.858,1.868,993.6,1.401,5.671,1.147,19.63,1.546,9.443,17.98,4.697,2.884,2.644,43.4,116,565.4,2.151,7.371,6.288,13.43,29.87,1.063,0
438,2.087,2.165,1.278,751,82.57,8.089,1.578,5.082,741.6,1.791,7.613,8.902,15.7,5.249,1.137,15.47,3.345,3.985,5.355,27.19,1.741,477.1,3.672,1.244,0.17,12.45,23.75,3.345,0
439,1.848,1.581,9.057,398,89.46,4.812,9.657,3.956,708.8,1.147,6.181,895,19.13,3.167,1.274,15.14,2.244,2.744,366,19.36,1.407,575.3,3.669,8.839,1.147,13.66,25.5,2.809,1
440,1.482,1.791,1.068,8.875,66.86,178,2.297,3.317,375.4,1.413,66,1.563,18.61,1.044,9.199,11.06,1.485,2.213,8.423,10.08,6.528,334.3,1.808,7.842,6.678,10.49,24.54,9.362,1
441,1.934,221,1.089,9.719,62.92,1.952,1.756,2.472,331.6,1.415,6.285,1.342,17.27,1.247,7.527,10.42,2.137,2.989,6.213,12.33,5.588,295.4,7.975,738,7.232,9.876,23.22,1.249,1
442,136,1.371,9.646,4.133,87.88,2.563,3.888,2.735,706.2,1.311,6.344,4.336,13.16,2.474,6.659,15.34,2.102,238,1.759,17.4,8.056,568.9,1.652,8.718,8.711,13.65,16.35,1.695,1
443,183,2.388,9.754,9.019,70.87,1.786,1.982,1.619,440.8,1.341,6.105,7.815,13.08,8.971,8.232,11.99,2.251,2.859,7.116,15.48,5.506,381.9,1.196,6.772,5.113,11.15,16.3,8.985,1
444,1.905,1.635,1.122,7.781,82.69,6.873,1.128,3.601,888.3,1.851,659,1.178,23.84,4.061,129,17.09,4.255,3.383,4.024,36.46,1.716,499,2.973,1.031,1.262,12.68,33.47,2.648,0
445,2.101,2.921,7.813,8.034,74.24,2.763,2.245,2.005,533.7,1.036,6.113,1.268,14.02,85,1.846,13.31,5.619,3.101,6.735,37.83,829,427.3,1.514,6.688,434,11.74,18.26,1.442,1
446,1.573,1.551,8.924,5.756,94.89,2.877,3.346,2.168,777.5,1.218,5.703,6.683,16.94,155,8.281,16.31,3.028,2.525,122,23.92,7.971,673.7,1.461,6.827,7.074,14.86,20.54,1.665,1
447,235,2.143,1.273,5.731,87.5,9.353,1.859,3.749,739.3,1.703,7.389,1.002,21.82,5.401,1.226,15.49,3.063,4.378,539,24.32,206,519.8,3.553,1.072,1.932,13,30.73,3.502,0
448,1.853,1.543,9.401,5.015,127.9,7.593,1.657,3.896,1813,1.509,6.261,6.062,26.47,659,9.643,24.15,5.558,3.672,6.091,68.17,1.785,1162,3.497,1.123,1.719,19.27,30.9,3.318,0
449,1.966,2.045,1.054,8.102,121.4,8.665,1.457,457,1549,1.503,6.213,1.581,17.12,2.291,1.601,22.25,7.128,2.894,3.272,90.47,1.674,1077,3.342,8.456,0.11,18.66,24.9,2.101,0
450,1.543,1.202,1.134,591,82.82,34,38,3.107,599.5,1.547,6.476,1.042,13.32,2.231,1.011,14.04,2.212,2.382,1.791,16.57,1.155,504.8,1.902,8.553,8.834,12.86,21.08,2.016,1
451,1.499,226,8.099,6.982,76.31,2.639,6.726,6.822,473.8,1.073,6.758,6.417,14.69,2.793,1.528,12.45,1.924,2.604,269,13.04,1.056,426,4.017,9.879,9.661,11.74,17.6,3.916,1
452,2.395,1.798,1.141,4.253,142.7,1.496,2.487,5.295,2089,1.491,7.398,7.629,26.57,7.584,1.567,26.68,6.298,4.098,678,81.46,2.903,1311,3.872,1.284,2.832,21.09,33.48,4.759,0
453,1.587,2.676,5.263,7.189,47.92,0,0,2.783,268.6,8.996,5.884,1.428,24.54,6.444,0,9.456,3.857,2.871,0,19.15,0,181,0,7.039,4.362,7.76,30.37,466,1
454,1.966,2.578,8.685,5.888,78.41,2.653,3.211,2.267,610.2,124,5.597,1.781,17.92,1.795,1.075,14.1,3.342,3.455,1.377,25.79,9.532,466.1,2.059,6.896,6.526,12.27,28.88,231,1
455,2.341,4.192,7.721,8.738,59.2,218,5.988,5.822,310.1,9.836,6.963,2.265,13.86,1.678,156,10.01,4.098,3.282,1.397,23.52,5.087,260.9,4.312,849,8.751,9.173,19.23,3.938,1
456,1.704,2.566,7.837,5.298,97.83,7.798,3.003,1.298,709,8.949,7.769,1.49,19.65,4.193,2.292,15.3,3.628,2.398,6.783,29.25,1.505,629.9,1.435,1.082,2.233,14.26,23.73,7.446,1
457,1.993,3.397,1.089,9.433,76.1,3.738,6.843,5.061,543.9,1.358,6.453,1.693,20.18,1.892,1.152,13.32,5.018,3.168,1.956,38.34,7.909,419.8,4.167,7.987,1.141,11.75,26.21,2.405,1
458,1.742,3.004,8.123,1.159,59.26,0,0,3.324,330.6,1.073,6.059,2.927,27.88,7.158,0,10.49,5.375,2.475,0,29.11,0,271.3,0,6.969,4.971,9.423,34.24,1.124,1
459,2.025,3.044,1.044,1.474,59.6,1.257,2.047,459,359.4,1.526,6.601,2.878,21.7,1.193,8.674,10.85,4.302,2.872,6.141,25.17,377,271.2,1.367,8.304,6.159,9.405,31.24,1.674,1
460,1.588,1.872,8.605,6.719,77.87,3.791,6.574,8.015,546.1,1.116,6.766,1.39,20.76,2.813,1.633,13.24,2.742,2.465,2.365,21.91,1.155,441,4.387,9.981,1.011,11.94,27.29,5.156,1
461,181,1.219,8.365,1.038,73.38,2.757,1.007,1.233,450,1.102,7.252,1.067,15.5,2.809,2.047,12.04,3.305,2.157,3.021,22.97,8.272,392,9.472,1.043,1.114,11.27,18.93,6.669,1
462,1.732,1.285,995,3.245,87.76,316,4.548,1.524,686.5,1.199,6.088,9.462,17.64,1.346,9.233,14.96,2.431,2.518,1.742,20.64,9.077,571.1,1.698,696,7.957,13.7,23.53,8.186,1
463,1.517,1.263,907,7.389,89.79,1.896,1.462,2.925,715.5,1.287,5.835,1.503,21.25,1.513,1.004,15.33,2.589,2.226,6.231,22.07,7.963,603.4,7.302,7.617,6.945,14.03,30.28,1.383,1
464,1.707,2.057,1.028,6.809,81.25,2.107,3.193,1.784,574.4,1.384,5.984,9.505,17.3,1.212,6.474,13.71,0.21,2.688,102,17.61,5.602,489.9,1.329,6.888,7.664,12.67,21.1,9.514,1
465,1.816,1.669,9.462,5.217,102,5.933,7.135,233,922.8,1.223,5.723,8.155,13.93,1.949,1.268,17.5,3.117,2.723,1.709,27.94,1.374,761.7,1.678,7.071,9.462,15.71,19.25,1.515,1
466,1.617,1.461,8.363,4.271,85.79,2.864,5.077,2.613,623.7,1.166,5.594,5.308,13.72,2.685,8.468,14.24,1.833,2.736,2.866,15.26,9.173,541.8,2.828,732,8.575,13.28,17.37,2.073,1
467,1.454,1.093,7.466,5.969,84.28,287,4.859,1.672,687.6,1.282,5.549,685,18.22,1.965,8.463,14.9,2.023,2.235,1.876,16.89,1.045,537.3,1.564,6.925,5.994,13.17,23.89,1.493,1
468,1.734,1.501,9.639,5.133,73.06,2.875,3.503,1.588,462,119,5.865,9.938,15.39,1.648,8.602,12.32,1.759,2.676,1.399,12.67,8.476,399.8,1.434,6.765,6.889,11.43,22.02,1.521,1
469,1.926,1.768,1.082,5.233,102.4,8.751,1.683,2.967,1269,1.641,654,1.012,25.27,611,1.083,20.27,439,4.027,6.335,43.5,2.024,732.4,3.576,9.876,1.697,15.3,36.71,3.057,0
470,1.696,1.673,9.289,6.766,119,1.002,2.136,113,1437,1.207,7.369,1.465,23.33,4.785,2.311,21.57,9.289,2.301,5.165,104.9,1.996,980.5,6.591,1.224,2.004,17.6,28.87,7.025,0
471,1.769,1.692,9.834,6.472,72.23,2.755,3.265,2.817,457.5,1.358,627,5.293,13.04,1.507,8.849,12.32,1.904,2.733,1.275,13.17,875,388,1.282,8.022,7.608,11.29,16.18,1.122,1
472,1.717,1.898,9.423,647,87.38,3.731,4.705,1.794,683.4,1.278,566,6.612,15.6,1.291,1.103,14.85,3.242,253,1.533,27.19,9.222,575.3,181,651,663,13.64,19.05,1.248,1
473,1.705,1.601,904,4.873,82.89,3.078,5.835,2.289,605.8,1.326,5.913,4.875,15.73,261,836,14.09,1.499,3.006,3.476,11.64,9.783,506.9,3.318,7.802,8.269,12.83,19.35,1.796,1
474,1.897,2.158,9.657,7.189,68.01,1.615,2.379,2.619,455.7,1.499,6.329,1.493,25.22,1.398,6.245,12.25,2.497,3.409,1.125,16.64,6.136,347,1.081,8.147,7.234,10.65,35.19,1.035,1
475,159,1.318,8.455,5.903,108.3,5.302,9.251,3.892,1124,1.139,5.648,1.075,28.08,3.094,1.557,18.98,4.564,2.218,3.403,48.55,1.418,858.1,473,782,1.023,16.6,34.12,3.731,0
476,1.879,1.522,8.992,5.332,97.03,4.819,594,2.815,809.8,1.313,5.852,948,19.1,303,1.187,16.25,2.877,2.962,1.804,24.87,1.489,687.3,1.536,8.472,9.823,14.96,26.19,2.115,1
477,1.842,1.816,1.102,1.037,73.81,2.233,4.591,3.976,525.1,1.557,7.005,2.174,20.97,1.676,7.506,13.11,3.251,2.762,1.755,24.62,6.127,401.5,2.586,8.851,9.362,11.45,32.16,1.706,1
478,1.453,1.422,8.352,4.148,82.71,8.829,4.559,2.273,672.4,1.016,5.518,8.285,13.84,5.847,4.821,14.73,3.975,2.107,1.824,33.01,3.532,530.6,2.831,658,3.735,13.05,17.4,4.711,1
479,1.779,1.698,1.071,445,87.32,5.266,5.786,2.787,660.2,1.393,6.639,5.733,14.06,2.499,8.791,,1.588,3.227,1.848,12.84,1.335,546.3,1.334,9.326,1.155,13.47,18.32,1.452,1
480,1.495,2.406,8.637,5.857,74.72,1.115,1.657,1.769,516.5,1.085,5.888,1.21,21.6,8.615,7.445,12.98,4.062,2.433,5.523,28.47,3.715,427.9,1.168,6.563,4.966,11.76,25.72,9.758,1
481,1.799,1.608,8.583,3.888,80.62,2.272,2.966,1.638,633.5,1.225,5.826,6.674,17.15,1.517,6.888,14.34,1.692,327,1.887,13.32,9.851,492.9,1.256,733,543,12.62,22.15,8.539,1
482,1.538,1.419,8.855,5.444,115.2,4.744,5.699,2.751,1320,1.315,551,1.433,24.48,1.806,8.522,20.92,4.212,2.504,208,45.81,1.136,998.9,1.622,7.948,7.027,17.93,34.69,1.169,0
483,1.409,1.254,8.641,3.535,94.21,2.791,5.192,1.219,831,1.142,5.355,1.006,16.85,207,6.144,16.46,2.204,2.455,2.437,19.98,7.828,666,18,6.596,6.698,14.64,25.44,1.393,1
484,1.727,1.172,9.057,329,98.92,3.263,5.375,2.575,973.1,1.301,6.317,4.956,22.41,3.299,6.009,17.8,2.054,3.175,363,19.53,1.226,710.6,1.774,9.772,1.052,15.28,28.03,1.395,0
485,1.215,1.393,8.511,4.928,79.19,6.423,4.473,1.344,544.2,1.104,5.673,7.151,16.85,4.953,339,13.34,1.716,1.917,1.938,12.69,2.784,481.6,262,6.174,3.834,12.49,19.71,3.012,1
486,1.342,1.185,8.223,6.307,92.55,4.408,1.103,3.589,764,1.081,6.129,2.324,27.85,2.426,1.011,15.75,3.354,189,3.064,29.96,8.219,623.9,385,7.796,1.039,14.22,40.54,2.845,1
487,1.411,1.894,8.853,6.652,73.59,1.502,3.344,3.411,489.8,1.144,6.243,1.059,18.16,1.789,7.807,12.68,3.278,2.208,1.226,22.93,5.509,403.1,2.221,7.638,7.694,11.46,21.61,2.652,1
488,2.655,4.547,1.447,2.333,166.2,2.012,4.268,9.875,2073,1.696,6.877,3.12,20.2,4.244,1.822,26.02,1.509,3.222,5.803,233,2.248,1761,1.278,8.009,2.867,24.25,23.99,9.806,0
489,1.448,1.298,9.159,502,134.4,834,1.554,2.887,1872,1.223,5.592,1.189,27.81,2.761,1.091,24.47,524,2.437,4.146,70.01,1.563,1319,3.457,8.328,1.074,20.51,37.38,2.062,0
490,1.813,1.394,1.008,4.757,113,8.353,1.266,2.362,1222,1.416,5.613,8.568,17.08,2.405,1.262,19.85,3.093,3.138,3.378,33.63,1.857,928.2,2.332,8.113,1.041,17.3,25.09,1.503,0
491,1.511,2.009,8.151,5.883,70.47,137,1.369,2.377,421.1,103,6.148,9.671,16.62,6.219,6.189,11.68,1.415,2.383,458,9.704,4.044,381.1,9.398,7.083,3.834,11.13,20.29,6.263,1
492,1.893,2.254,9.179,4.796,95.88,226,4.069,1.971,829.5,1.226,5.886,6.221,17.66,1.881,6.897,16.43,2.204,0.36,206,19.75,8.308,674.8,1.758,7.285,889,14.8,22.74,1.171,1
493,0.22,2.175,1.141,9.327,158.9,162,3.523,5.195,1986,1.536,6.229,1.56,26.67,4.167,2.465,25.12,5.539,3.198,7.892,83.16,2.733,1685,8.958,8.762,2.084,23.29,32.68,5.121,0
494,1.659,158,8.472,6.708,94.66,2.541,3.416,1.779,760.2,1.139,5.348,6.232,14.7,1.011,1.056,15.61,2.182,2.334,1.101,20.72,7.955,680.7,1.482,6.142,5.016,14.81,17.58,1.197,1
495,1.615,2.694,1.018,6.908,70.95,1.076,8.955,206,458,1.282,6.144,1.678,21.41,1.108,6.159,12.36,2.865,2.976,3.582,18.99,4.306,380.3,6.972,7.123,5.978,11.16,28.92,9.442,1
496,1.667,1.344,9.373,604,73.34,2.623,3.512,2.206,510.5,1.548,6.113,4.607,10.82,239,646,12.82,1.408,3.016,2.102,10.5,8.958,403.3,1.514,8.523,6.685,11.41,15.97,1.529,1
497,1.717,1.263,9.384,5.568,140.9,8.465,1.168,1.803,3143,1.363,5.054,1.051,17.25,1.628,1.197,30.75,1.207,251,2.861,224.1,182,1546,2.096,6.494,8.562,21.71,26.44,1.112,0
498,1.675,1.428,1.031,5.488,78.04,2.749,6.592,2.422,582.6,1.494,6.043,7.294,14.63,2.156,566,13.76,2.636,2.747,305,19.87,6.548,449.3,2.322,8.301,9.092,12.05,20.7,1.427,1
499,2.026,2.294,8.772,5.038,109.7,539,695,2.581,1210,1.111,5.223,8.554,20.26,1.486,1.123,19.8,5.858,3.275,1.932,68.46,1.096,904.3,1.946,6.469,7.304,17.01,25.05,1.503,0